<?xml version="1.0" encoding="UTF-8" standalone="no"?><author id="40c68fe7-5f51-4b13-be2a-b18334b74451" lang="nl">
	<document><![CDATA[@username misschien de mooiste hoer van Amsterdam?		]]></document>
	<document><![CDATA[Waarom is mijn thee ineens zo vies		]]></document>
	<document><![CDATA[@username @username nope, alleen Amersfoort ????????		]]></document>
	<document><![CDATA[@username ik heb ze nog nooit in Utrecht gezien?		]]></document>
	<document><![CDATA[Wat is dit een kutspel, download het vooral. https://t.co/v5kxAYiFMi http://t.co/AI2oEBGmYE		]]></document>
	<document><![CDATA[Ik ga me bezig houden met de ninja.		]]></document>
	<document><![CDATA[@username waarom kan je niet bij iedere film een studenten kaartje kopen?		]]></document>
	<document><![CDATA[@username oké bedankt, maar het is wel gek, want op de app staat het bij de ene film wel en de andere niet. http://t.co/h7V2Qe1j9p		]]></document>
	<document><![CDATA[@username ooooo wacht. Grapje ik zie het al, vrijdag-zaterdag vanaf 18.00. Sorry,dankjewel :)		]]></document>
	<document><![CDATA[@username Nee, zo werkt dat niet Cengi		]]></document>
	<document><![CDATA[@username hij moet even normaal doen hoor. Hij is eitjes aan het bakken, geen model.		]]></document>
	<document><![CDATA[Ughh mijn hoofd.		]]></document>
	<document><![CDATA[Ik wil niet ziek worden.		]]></document>
	<document><![CDATA[Classic FM luisteren en een sjaal "breien". Ik lijk wel 50+.		]]></document>
	<document><![CDATA[@username ik blijf thuis, jij ook ziek?		]]></document>
	<document><![CDATA[@username dan bevestig ik dat ook jij officieel ziek bent nu. ????????????		]]></document>
	<document><![CDATA[Ziek. Maar heb zin in een hamburger. Wel een goede hamburger van Charlie's Burgertime.		]]></document>
	<document><![CDATA[@username sterkte met op bed liggen en de hele dag naar het plafond kijken ???? ugh ik haat ziek zijn		]]></document>
	<document><![CDATA[.@username  aan, even breien en dan weer slapen.		]]></document>
	<document><![CDATA[@username maar waarom trainen als je ziek bent..? Nee kan mijn hoofd niet aan. Dat wordt dus de hele dag breien.		]]></document>
	<document><![CDATA[@username een sjaal, ben sinds eergisteren bezig http://t.co/F5q07UN4Mn		]]></document>
	<document><![CDATA[@username de sjaal is niet voor mij haha. En ik dacht gewoon lekker subtiel zwart is prima.		]]></document>
	<document><![CDATA[@username heuj, hoezo?		]]></document>
	<document><![CDATA[Sjaal is bijna af. In 2 dagen. Heb ik een leven? Nee.		]]></document>
	<document><![CDATA[De eerste dag dat ik weer beter ben haal ik döner.		]]></document>
	<document><![CDATA[@username dit is zo waar. Morgen begin ik aan een beanie.		]]></document>
	<document><![CDATA[Als je het theezakje er te lang in laat zitten en je thee te zwart wordt. http://t.co/ViGXwtdAIk		]]></document>
	<document><![CDATA[En toen deed @username het ineens niet meer. RIP????		]]></document>
	<document><![CDATA[@username Haha, eerst even deze muts afmaken ?		]]></document>
	<document><![CDATA["Erbarme Dich" op @username , is het daar niet een beetje te laat/vroeg voor?		]]></document>
	<document><![CDATA[HOI HALLO ZELFGEMAAKT HE. http://t.co/2E5f6cdAGk		]]></document>
	<document><![CDATA[Ik ben trots.		]]></document>
	<document><![CDATA[@username Jaaa dankje, ik ben zo trots!! Die steken waren zo kut haha		]]></document>
	<document><![CDATA[En weer een deel uit de Matthaüs Passion op @username ???		]]></document>
	<document><![CDATA[@username Nog een muts ????  ik had vanmiddag al een heel stuk, maar die had ik er helemaal uitgehaald. 3 uur werk voor niets geweest ????		]]></document>
	<document><![CDATA[@username de rand was goed gelukt. Maar het zwarte had beter met 2 draden gekund, zoals ik nu doe. Helaas viel de paarse rand door een		]]></document>
	<document><![CDATA[@username Stom foutje ook meteen uit elkaar :(		]]></document>
	<document><![CDATA[Mijn verlanglijstje http://t.co/ybTLJvJmj6		]]></document>
	<document><![CDATA[@username @username Ja eigenlijk wel haha, maar ze noemen het breiringen dus ik zeg steeds breien. Maar het is inderdaad Punniken/haken		]]></document>
	<document><![CDATA[@username @username Echt? Tof, dat gaat zo lang duren of niet? Je kan het bij de HEMA kopen trouwens.		]]></document>
	<document><![CDATA[@username Ben super ???????????? al kan je een muts al maken met de makkelijkste steek die er is.al zijn de mutsen die ik maak wel moeilijker		]]></document>
	<document><![CDATA[@username maar het is zo duidelijk ????
How to Loom Knit a Slouchy Beanie Hat (DIY Tutori…: http://t.co/sJWmNfhivg		]]></document>
	<document><![CDATA[Ik negeer iedereen op whatsapp, ben te druk met breien bitch ????		]]></document>
	<document><![CDATA[Ik ben weer een trotse mama van een nieuwe muts. http://t.co/aFhPENyYhb		]]></document>
	<document><![CDATA[Waarom draaien er zo weinig films in de @username Amersfoort vanavond? ????		]]></document>
	<document><![CDATA[@username Ik dacht dat paarse vrijdag een LGBT dingetje was.		]]></document>
	<document><![CDATA[@username @username Ja dat vraag ik mij dus af.		]]></document>
	<document><![CDATA[Dit broodje was zo goed.		]]></document>
	<document><![CDATA[Omdat, Pia uit het verleden, dit gevoel gewoon superfijn is. ???? http://t.co/FYw3cuAqza http://t.co/MNm5dEvNlF		]]></document>
	<document><![CDATA[Ik ga mijn haar binnenkort paarsig verven. Ja. Wordt het wat? Vast niet.		]]></document>
	<document><![CDATA[@username Geen idee haha, snel?		]]></document>
	<document><![CDATA[@username Ja. Nee. Ik had het over mijn haar. Was het maar zo!!!		]]></document>
	<document><![CDATA[Haartjes geverfd		]]></document>
	<document><![CDATA[@username Zaterdag paars		]]></document>
	<document><![CDATA[@username zaterdag paars!!		]]></document>
	<document><![CDATA[Alleen in bed liggen is stom.		]]></document>
	<document><![CDATA[@username oo nu zie ik het ja		]]></document>
	<document><![CDATA[Is er geen sneak preview vanavond? @username		]]></document>
	<document><![CDATA[Ik ben zo'n oen.		]]></document>
	<document><![CDATA[@username "je voelt je vader ongemakkelijk". Mooi gedicht, maar die zin snap ik niet.		]]></document>
	<document><![CDATA[Gangnam Style in de top2000. Is dit een grap?		]]></document>
	<document><![CDATA[Ik huil een beetje. Een beetje maar.		]]></document>
	<document><![CDATA[@username kerst op z'n Nederlands ????		]]></document>
	<document><![CDATA[@username ja precies, wij zijn ook net klaar. Het hele huis ruikt weer lekker vet.		]]></document>
	<document><![CDATA[@username ieuw bah		]]></document>
	<document><![CDATA[@username @username WAT. Ik draag al weken thermoshirts en thermoleggings en 20 truien.		]]></document>
	<document><![CDATA[Ha, dit zo niet meer. http://t.co/U58Gx9UXNh http://t.co/xOi9Bvpj9X		]]></document>
	<document><![CDATA[Ik voelde mij gisteren oké http://t.co/bGa3jLE3mE		]]></document>
	<document><![CDATA[@username aww, dat is zo lief. Maakt me aan het glimlachen, dankjewel ?		]]></document>
	<document><![CDATA[@username Het is oké http://t.co/5nu6iYSFec		]]></document>
	<document><![CDATA[@username Je denkt dat je mooie wenkbrauwen hebt, totdat je ze bij de kapper laat bijwerken en het blijkbaar altijd chaos is geweest.		]]></document>
	<document><![CDATA[@username Maar nu heb ik modellen wenkbrauwen en daar voel ik mij niet comfortabel bij. Ben een mens, geen model.		]]></document>
	<document><![CDATA[@username Dat is heel erg waar. Jij ook.		]]></document>
	<document><![CDATA[@username Kijk. http://t.co/D0OeoMxYCD		]]></document>
	<document><![CDATA[@username Zap de neger		]]></document>
	<document><![CDATA[De ramen reflecteren veel te veel @username waarom. Ik wil naar buiten kijken.		]]></document>
	<document><![CDATA[@username Nee.		]]></document>
	<document><![CDATA[Zorgen.		]]></document>
	<document><![CDATA[Een woord met zoveel betekenissen.		]]></document>
	<document><![CDATA[Mijn oud&nieuw. http://t.co/Qsgm62BR9l		]]></document>
	<document><![CDATA[Nu kan er dit jaar geen lelijkere foto meer van mij geplaatst worden op het internet.		]]></document>
	<document><![CDATA[Mijn oud&nieuw 2.0 http://t.co/MXc49TN7sH		]]></document>
	<document><![CDATA[Ik gaf 69 cent voor de natuur. Jij toch ook? Doneer ook een cent en zet jezelf op je eigen munt. Doe mee! https://t.co/70YdUJHPQl		]]></document>
	<document><![CDATA[Het gaat tenslotte allemaal om het uiterlijk.		]]></document>
	<document><![CDATA[@username Ik had haarverf gekocht bij attitude Holland en toen kon ik dit er gratis bij doen haha.		]]></document>
	<document><![CDATA[@username Rechtop staan alsof het piemels zijn		]]></document>
	<document><![CDATA[Er ligt hier een literfles Vodka. Niemand weet van wie het is.		]]></document>
	<document><![CDATA[Mama zei "nou, al het van niemand is, dan gooi ik het weg hoor" ???!!!????		]]></document>
	<document><![CDATA[Dus nu is de vodka fles van mij.		]]></document>
	<document><![CDATA[Deze hond he. Lobi.		]]></document>
	<document><![CDATA[@username mijn vriendje vindt je mooi. Misschien iets te mooi. Ik weet niet hoe ik me hierbij voel, maar ik geef hem gelijk.		]]></document>
	<document><![CDATA[Zo. Misselijk.		]]></document>
	<document><![CDATA[@username Haha aw lief. Nu zegt hij "waarom heb je dr niet gedaan????" ???? jongens.		]]></document>
	<document><![CDATA[@username ik vind het heel wat voor een eerste klasser. ????		]]></document>
	<document><![CDATA[Mijn ouders hebben besloten om meer elitair te gaan leven.		]]></document>
	<document><![CDATA[Geldt dit nu ook voor mij????????		]]></document>
	<document><![CDATA[Lekker bij de Chinees, wachten.		]]></document>
	<document><![CDATA[@username volgens mij alleen dat je updates ook op dezelfde manier moet doen net zoals je alles aanpast. (Via recovery mode toch?)		]]></document>
	<document><![CDATA[@username En je moet je device resetten, maar dat is eenmalig.		]]></document>
	<document><![CDATA[Ik wacht op de Chinees en nu is Ariana Grande op de radio. Het leven begrijpt mij.		]]></document>
</author>