<?xml version="1.0" encoding="UTF-8" standalone="no"?><author id="6acaf795-72c3-495f-a7c1-85a0402975ad" lang="nl">
	<document><![CDATA[@username ja want je kan m daar gaan halen als je hem eerst te door vond		]]></document>
	<document><![CDATA[@username heb ik je verwijderd haha? Wat is je PSN?		]]></document>
	<document><![CDATA[@username haha ik was al zo van wtf emoiders hahaha		]]></document>
	<document><![CDATA[Als je vindt dat zoiets is oke, maar onderbouw het dan ook eens met een goede reden en niet alleen maar zeggen dat het zo is		]]></document>
	<document><![CDATA[@username @username heb precies hetzelfde haha		]]></document>
	<document><![CDATA[@username ik hou me daar buiten komt toch niks nieuws uit haha		]]></document>
	<document><![CDATA[@username add me maar psn is t zelfde :)		]]></document>
	<document><![CDATA[@username ik heb vv gestuurd :) had je BeCasNL geadd?		]]></document>
	<document><![CDATA[Leave je in mijn lobby tijdens 8s? Nieuw plekje op mn vriendenlijst :)		]]></document>
	<document><![CDATA[@username wat noem jij beroemd dan		]]></document>
	<document><![CDATA[@username @username overnieuw met wat? Zolang het bij mij maar niet gebeurd		]]></document>
	<document><![CDATA[@username heb je ze binnen?		]]></document>
	<document><![CDATA[@username morgen om 16:00 uit met veel huiswerk of morgen om 16:00 uit met veel huiswerk easy choice		]]></document>
	<document><![CDATA[@username gefeliciteerd Daan!!		]]></document>
	<document><![CDATA[@username ik denk dan zal ik me wel vergist hebben haha klootzak :p		]]></document>
	<document><![CDATA[@username gefeliciteerd Mike!		]]></document>
	<document><![CDATA[@username geslaagd* maar gefeliciteerd man!		]]></document>
	<document><![CDATA[@username @username ik had precies hetzelfde vorig jaar Wessel		]]></document>
	<document><![CDATA[@username gefeliciteerd Daan!		]]></document>
	<document><![CDATA[@username gefeliciteerd jordy!		]]></document>
	<document><![CDATA[@username sws eerst 1 min zitten denken hoe je er het beste een foto van kon maken met de perfecte hoek enzo :p		]]></document>
	<document><![CDATA[Mensen die trashtalken en je ze dan pakt met snd met default classes		]]></document>
	<document><![CDATA[@username @username ten  minste niet zo :P		]]></document>
	<document><![CDATA[@username ik heb geen app van jou hoor		]]></document>
	<document><![CDATA[Dat is ook altijd weer tering veel werk al die WK poules…..		]]></document>
	<document><![CDATA[@username ben nog f t wk kijken bij os op school		]]></document>
	<document><![CDATA[@username voetbal		]]></document>
	<document><![CDATA[@username nee is van onZe school		]]></document>
	<document><![CDATA[Je speelde eerst op Ps3en je had nauwelijks op Xbox gespeeld toen je naar netherlans ging man niet zo biggie doen tegen ps3 :p @username		]]></document>
	<document><![CDATA[@username kijk op http://t.co/bz9jQ4rjC1 fzo doen wij altijd op school is gewoon skeere cod :p		]]></document>
	<document><![CDATA[@username kben laatste tijd echt fan van @username kijk m altijd als ik in 8s zit haha		]]></document>
	<document><![CDATA[@username idd maar dat kan je ook zeggen van een paar mensen van Xbox maar geen haat hoor van mij :p		]]></document>
	<document><![CDATA[Iedereen van harte gefeliciteerd als je geslaagd bent! Oom mensen met een her gewoon nog even doorknallen! Gezakt? Volgend jaar nog n jaar		]]></document>
	<document><![CDATA[En het is begonnen		]]></document>
	<document><![CDATA[Eerste wedstrijd al goed voorspeld		]]></document>
	<document><![CDATA[@username @username @username @username ja ik ben ook geen fan haha maar kramp heeft niets met lichamelijke conditie te maken		]]></document>
	<document><![CDATA[Ik kan dus echt niet met sommige mensen samenwerken		]]></document>
	<document><![CDATA[@username gewoon naar elkaar schreeuwen		]]></document>
	<document><![CDATA[@username Alle info staat op http://t.co/luYSwEvsdQ ik weet zo het adres niet :)		]]></document>
	<document><![CDATA[Heb jij ook al WK-koorts?? http://t.co/eV7qqGZH0i		]]></document>
	<document><![CDATA[@username nee alleen ps3 k heb geen tijd dit weekend		]]></document>
	<document><![CDATA[@username umm ligt eraan als je oranje ogen krijgt dan wel		]]></document>
	<document><![CDATA[Ik heb er vertrouwen in! Alleen jammer dat we in het blauw spelen vanavond		]]></document>
	<document><![CDATA[@username Het is altijd mooier als we in Oranje spelen natuurlijk :p brengt geluk		]]></document>
	<document><![CDATA[Weer een blunder van de scheids		]]></document>
	<document><![CDATA[Ik kam het nog steeds niet geloven eigenlijk		]]></document>
	<document><![CDATA[@username wat loop jij nou weer te zeggen.... Hoezo zou hij niet bestaan dan :o		]]></document>
	<document><![CDATA[Ik ben weer FA! Heb je een team dat LF1 is HMU		]]></document>
	<document><![CDATA[Wie is er allemaal FA? Laat t ff weten en misschien kunnen we iets gaan regelen!		]]></document>
	<document><![CDATA[@username @username als het hoed is wel kijk f op de site van rgt		]]></document>
	<document><![CDATA[@username natuurlijk doen we wel een keer		]]></document>
	<document><![CDATA[Kan iemand mij de stream mentionen als deze online komt		]]></document>
	<document><![CDATA[That awkward moment wanneer mensen cod termen gebruiken om iets van voetbal te beschrijven -.-		]]></document>
	<document><![CDATA[Mensen die overcompensaten dat ze homo zijn en alleen maar dingen gaan fav #SMH		]]></document>
	<document><![CDATA[@username ohja maar was niet echt rage haha iemand inv me en ik zei dat ik kwam als ik dood was :P		]]></document>
	<document><![CDATA[@username die wedstrijd is om middernacht toch?		]]></document>
	<document><![CDATA[Ghosts laat m'n ps3 nu bij iedere game freezen :s		]]></document>
	<document><![CDATA[@username wtf meen je die		]]></document>
	<document><![CDATA[@username mensen waar je niet mee speelt verwijderen		]]></document>
	<document><![CDATA[@username het is gefixt dankje :)		]]></document>
	<document><![CDATA[Mensen die dashboarden op cvc…. gaan ze 2-7 met 3 man party wauww		]]></document>
	<document><![CDATA[Iemand zin in wat Black Ops 2?		]]></document>
	<document><![CDATA[@username dat kan je niet vinden… je moet het krijgen door veel te spelen		]]></document>
	<document><![CDATA[Tijdens spaan wakker worden het eerste uur....		]]></document>
	<document><![CDATA[@username @username met welk team?		]]></document>
	<document><![CDATA[@username Ah oke kom je wel speccen?		]]></document>
	<document><![CDATA[School is echt slopend vandaag		]]></document>
	<document><![CDATA[@username jullie zijn nep		]]></document>
	<document><![CDATA[@username Als je hebt laat mij speccen :D		]]></document>
	<document><![CDATA[Iemand zin in wat Lp sessies op Black Ops 2 :D?		]]></document>
	<document><![CDATA[Mensen geloven niet dat ik iron ben in lp als ze mn naam nog niet zien :P		]]></document>
	<document><![CDATA[@username doe morgen maar		]]></document>
	<document><![CDATA[@username Idd ik ben ook niet nerveus fzo alleen kut dat ik eigenlijk niks voorbereid heb terwijl dat wel zou moeten :P		]]></document>
	<document><![CDATA[@username met de trein		]]></document>
	<document><![CDATA[@username geen idee		]]></document>
	<document><![CDATA[@username zal wel meevallen vanaf den Bosch. Hoeveel vind jij duur :p		]]></document>
	<document><![CDATA[Eindelijk weer thuis		]]></document>
	<document><![CDATA[@username teis is 27,60 en dan met spec pas en lunchpakketje :p kom je uit op 37,60		]]></document>
	<document><![CDATA[Belgen doen net alsof ze van een wereld team hebben gewonnen....		]]></document>
	<document><![CDATA[@username haha idd maar beetje overdrijven want ze speelden best matig imo		]]></document>
	<document><![CDATA[Ik moet dus binnen 1,5 week 4 boeken gaan lezen en ook nog leren voor proefwerken....		]]></document>
	<document><![CDATA[@username ja maar bij ons vragen ze door wie iemand wordt opgepakt enzo dingen die daar niet in staan		]]></document>
	<document><![CDATA[De arbitrage is toch maar weer schrikwekkend op dit toernooi. Dit is dan nog netjes gezegd		]]></document>
	<document><![CDATA[@username @username handen waren achter het lichaam om contact te voorkomen en hij maakte geen beweging naar de bal		]]></document>
	<document><![CDATA[@username @username hij had z'n arm achter zijn lichaam...		]]></document>
	<document><![CDATA[@username @username geen beweging naar de bal dus geen penalty		]]></document>
	<document><![CDATA[@username @username we kunnen hier lang over doorgaan maar ik blijf erbij geen bewuste actie op spelbederf		]]></document>
	<document><![CDATA[@username rowdy zit hij op de knip? Dan pakke we m! Sterkte man		]]></document>
	<document><![CDATA[Volgens Ali b speelden de australianen tegen Chili ook al zo want ze lieten pirlo vrij lopen... Weet hij wel hoeveel daar niet klopt		]]></document>
	<document><![CDATA[@username @username ja kwam ik net ook achter maar dan nog hij zei australianen		]]></document>
	<document><![CDATA[Wie zin in 8s op Black Ops 2 met een CoD veteran?		]]></document>
	<document><![CDATA[@username nee we hebben een mysterie guest :D		]]></document>
	<document><![CDATA[Vandaag in plaats van school gaan we vliegen!		]]></document>
	<document><![CDATA[Mensen we hebben nog 4 ps3's nodig voor rgt! Kom je morgen speccen of spelen t zou geweldig zijn als je mee wilt nemen laat me f weten		]]></document>
	<document><![CDATA[@username @username ja op het twitch kanaal van rgt		]]></document>
	<document><![CDATA[@username weet de organisatie dat al?		]]></document>
	<document><![CDATA[@username @username hou morgen m'n Twitter maar in de gaten :p ik weet de precieze link nu niet		]]></document>
	<document><![CDATA[@username 8:02 op ehv ga jij morgen ook?		]]></document>
	<document><![CDATA[@username geen idee		]]></document>
	<document><![CDATA[In de trein richting rgt maar eerst naar de Bijlmer		]]></document>
</author>