<?xml version="1.0" encoding="UTF-8" standalone="no"?><author id="8b5071ee-f4f8-4378-9b84-5c7e8ff85135" lang="nl">
	<document><![CDATA[Maar de homo's zijn ook knap..... Doennnn		]]></document>
	<document><![CDATA[Toch niet. Zijn net bitches. Ik drink wel door........ Pfff http://t.co/Gkxp6Ht		]]></document>
	<document><![CDATA[@username ze zijn echt erger dan meisjes, lekker janken!		]]></document>
	<document><![CDATA[@username hahaha nee doe maar niet, je hebt the face niet. Misschien wel op je innerlijk!		]]></document>
	<document><![CDATA["Hoe kom ik bij alle liedjes??" Dus hij zegt: "ow moet je met de iPod draaien!" Ja dus. Terwijl hij hem al een halfjaar/jaar heeft. #omg		]]></document>
	<document><![CDATA[@username ja toch, hoef geen blanke jongens!		]]></document>
	<document><![CDATA[@username tuurlijk niet! Wie was dat dan? Snap niet je bedoelt die jongn van face? Huh.... Ken alleen nog ciske de rat en die ene whitedude		]]></document>
	<document><![CDATA[@username ik heb geen film gekeken. The face is zo modellenserie		]]></document>
	<document><![CDATA[@username pfffffff jij loopt onmin onzin te lullen. Hopi stront		]]></document>
	<document><![CDATA[@username VRIEND. Ik weet echt voor geen fuck wat jij bedoelt		]]></document>
	<document><![CDATA[Ik voel me tenminste niet beschuldigd. 'Burgemeester: "sjienese lestaulant, niet sambalblij" http://t.co/izOJAs2		]]></document>
	<document><![CDATA[@username hahah ben jij boos? Boeit me niet, toch een mongol. Was gister bij Pauw Witteman		]]></document>
	<document><![CDATA[Jay-Z en Kanye West in Geldredome! Sowieso aanwezig http://t.co/6Xbc0gx		]]></document>
	<document><![CDATA[Ik heb ze! Eindelijkkkkkk #rodevans http://t.co/caxUsX0		]]></document>
	<document><![CDATA[@username Ja echt kleine maat, zelfs kindermaat! Hhaha goed met jou? Op stage		]]></document>
	<document><![CDATA[Hahaha @username RT @username: #VrouwWaarom; waarom maken vrouwen foto's op de wc tijdens het uitgaan?		]]></document>
	<document><![CDATA[Hahaha omdat het dan makkelijker gaat RT @username: @username #vrouwwaarom: waarom houden vrouwen hun mond open tijdens het mascara op doen?		]]></document>
	<document><![CDATA[Er komt een Mango in Utrecht, naast de Zara. Pas vandaag gespot! :p		]]></document>
	<document><![CDATA[@username dat doe jij altijd. "kijk ik op de plee"		]]></document>
	<document><![CDATA[@username haha gaat dat blad nu stoppen? Wel jammer, maar begrijpelijk na het niggabitch geval		]]></document>
	<document><![CDATA[Pretentieuze mensen vallen toch  altijd. Dus let op je gedrag!!		]]></document>
	<document><![CDATA[OMG "Vrouw rijdt chinees in Huissen binnen" http://t.co/fyqPlQf via @username		]]></document>
	<document><![CDATA[Helaas, JT gaat trouwen met Jessica Biel: "fat ass engagement ring from Justin Timberlake." #wedding http://t.co/gBf58Ca”		]]></document>
	<document><![CDATA[VIES! RT @username "Een vader heeft in de Chinese stad Shenzhen de penis van zijn 6-jarige zoon gebeten" http://t.co/x9PV9cX		]]></document>
	<document><![CDATA[Ik snap niet hoe je weer samen kan zijn met je man. VIES! Verhaal.. http://t.co/Y6mrhaL		]]></document>
	<document><![CDATA[@username hey Timmie, wij gaan ook!		]]></document>
	<document><![CDATA[Weet niet wie zij zijn?? RT @username: RT @username: Tonight Latin Lovers @username van Sinkel with @username @username #Latin		]]></document>
	<document><![CDATA[Ik val bijna in slaap hier. #latinlovers		]]></document>
	<document><![CDATA[@username haha vond je het zo leuk :p		]]></document>
	<document><![CDATA[@username @username ja maar dit is toch beneden?		]]></document>
	<document><![CDATA[iPhone verbindt zich niet met mijn iTunes/laptop. HELP!!!!!!!!!!		]]></document>
	<document><![CDATA[Keuzes keuzes... Wat zal ik doen?		]]></document>
	<document><![CDATA[Ik weet het, masterplan; ik ga Mandarijnse liedjes luisteren. zo kan ik ook met Chinezen communiceren in het Mandarijnsssss		]]></document>
	<document><![CDATA[Het begint al bij dit: Negers en Chinezen samen, whahahaha http://t.co/fIbVct1		]]></document>
	<document><![CDATA[Zogenaamd oogpotlood, hahahaha smeer je dit op je oog! Goedemorgen... http://t.co/XkWKtrD		]]></document>
	<document><![CDATA[@username ja zoals ik! Heerlijk, Lekkerding		]]></document>
	<document><![CDATA[@username zo lelijkkkkk!		]]></document>
	<document><![CDATA[Worden je tieten groter van papaja's?? #dtv		]]></document>
	<document><![CDATA[Waarom staat er "Vlees en vleeswaren" ? Zo heet een afdeling bij de Makro. Wat is het verschil tussen vlees en vleeswaren? Wie weet????		]]></document>
	<document><![CDATA[@username ja maar noem het dan toch gewoon "Vlees" hahah		]]></document>
	<document><![CDATA[Ik zeg: 'Ik ben verliefd' .. Me ma zegt: 'Op welke neger??'  hahaha		]]></document>
	<document><![CDATA[@username ja ik heb dat gehoord!! Haha maar sowieso goed voor de vrouwelijke vruchtbaarheid en je spijsvertering! Dus eten die handel		]]></document>
	<document><![CDATA[Lachen met Mio! Schatje van me..  http://t.co/1WnRoGV		]]></document>
	<document><![CDATA[@username haha ik ga je followen! Heb je op openbaar of private ingesteld		]]></document>
	<document><![CDATA[Kan je bij instagram ook kijken.. Hoeveel views je hebt voor een pic? @username @username @username		]]></document>
	<document><![CDATA[Zomaar met Barry Atsma zoenen!!! #wilikook #dinoshow		]]></document>
	<document><![CDATA[Onderschat nooit de kracht van een vrouw! #independentwoman		]]></document>
	<document><![CDATA[#NP Bollebof - Mijn nummer 1 ????????		]]></document>
	<document><![CDATA[@username Jezus ben jij 24/7 geil ofzo		]]></document>
	<document><![CDATA[Hmmm waarom?? "Overvalgolf Chinese restaurants Zeeland" http://t.co/xE8e7L0		]]></document>
	<document><![CDATA[Wat is Yellow Claw nou weer? Ik zie dat overal.....rappers?		]]></document>
	<document><![CDATA[Zal ik langer zijn dan Mr. Polska? #dtv		]]></document>
	<document><![CDATA[@username wanneer gaan we naar zo'n feestje jessie??!! ahhaha		]]></document>
	<document><![CDATA[@username hahahaha ik krijg allemaal reacties door jou.. stomme twitter tweet niks meer, vraag niks meer :p		]]></document>
	<document><![CDATA[@username niet zo pretentieus doen		]]></document>
	<document><![CDATA[@username  heb hun mixtape net gedownload :p		]]></document>
	<document><![CDATA[@username blijkbaar niet zo bekend dus. Elise kende het ook niet. Mja wie zijn zij, wie ben ik? Homo's		]]></document>
	<document><![CDATA[Opeens weet iedereen dat je een SOA hebt. #theface hahaha		]]></document>
	<document><![CDATA[@username minor neusvreten voor jou!		]]></document>
	<document><![CDATA[@username Ga je mee naar de minor markt?		]]></document>
	<document><![CDATA[@username hahahahh hou je kopf. Mensen zijn onbeschoft. Wie ben ik? Wie is yellow claw? Zo bekend		]]></document>
	<document><![CDATA[Vogue! #love RT @username: En daar is ie! De cover van de eerste #VOGUE nederland! http://t.co/EvDiN2P		]]></document>
	<document><![CDATA[@username wat is dat? Haha strategisch?		]]></document>
	<document><![CDATA[@username ja met afkijken hahah		]]></document>
	<document><![CDATA[@username en ik verdien een biertje in de zon		]]></document>
	<document><![CDATA[Hmmm.. deze staat op replay: John Legend - Tonight (Best You Ever Had) ft. Ludacris: http://t.co/5rgEbOf		]]></document>
	<document><![CDATA[Vader advies: "Als het rijp is, dan mag je plukken" (niet mijn vader)		]]></document>
	<document><![CDATA[Haha zo lang haar wil ik ook! RT @username: Bizar! Real life Rapunzel knipt haar af voor geld « NSMBL.nl http://t.co/EhQiQgO via @username		]]></document>
	<document><![CDATA[Een tentamen is dus zo klein. "You can grab it with one hand"  http://t.co/YZWcB2v		]]></document>
	<document><![CDATA[Eenmans maaltijd. Eenmans genieten. Gyoza, witlof, 4 flesjes bijna lege rode wijn. #love #redwine http://t.co/QUDlTLT		]]></document>
	<document><![CDATA[Is er geen stageplek beschikbaar bij Vogue? .. Ik wil zelfs schoonmaken.. ;p		]]></document>
	<document><![CDATA[@username misschien... ik check het vanmiddag als ik thuis ben...!		]]></document>
	<document><![CDATA[De espresso van Douwe Egbert apparaat heeft schuim. Hoe dan? Slechte koffie, slechte ideeën. #koffietweet		]]></document>
	<document><![CDATA[Bestaat er geen minor "Wijn Zuipen". Dus "Sommelier" of "Wijn en Spijs" ...		]]></document>
	<document><![CDATA[Vanwege fout bij PostNL krijg ik hem nu pas!! But, this just make my day. VOGUE #love  http://t.co/XaP3cr7		]]></document>
	<document><![CDATA[RT @username: RT @username: Kippenvel: nieuwe video van mijn broertje @username http://t.co/jWItuaG		]]></document>
	<document><![CDATA["Alles draait om geld." zonder geld geen werk, geen eten, geen kleding, geen leven		]]></document>
	<document><![CDATA[@username oja inschrijven hè!		]]></document>
	<document><![CDATA[Gecondoleerd broeder "Politie onderzoekt de dood van de 24-jarige Nicky Man" http://t.co/gMcm6sA		]]></document>
	<document><![CDATA[Japanse mix: "gebakken lucht" eten		]]></document>
	<document><![CDATA["Ze eet geen Chinees dus ze is raar" ... Zegt me ma		]]></document>
	<document><![CDATA[Me vaders groepswhatssap gaat nog vaker dan die van mij. misschien omdat ie ping heet #whatsapp #ping		]]></document>
	<document><![CDATA[@username ja hij heet echt Ping Ping!		]]></document>
	<document><![CDATA[Het lijkt op mijn lichaam... #redwine penfolds grange 2003  http://t.co/M8TMhth		]]></document>
	<document><![CDATA[Ik chill em met de beste sowiesoooooooooooooo @username. Glaasje baileys erbij?		]]></document>
	<document><![CDATA[Fijne kerst! Groeten JP CRW on Twitpic http://t.co/heTGlQC via @username		]]></document>
	<document><![CDATA[Gedroogde beestjes in je milkshake.. RT @username: Starbucks stopt gedroogde insecten in smoothie http://t.co/ROdtxke		]]></document>
	<document><![CDATA["Save the best for last" een tentamen om 18.15 Strategische Communicatie. Wie verzint dat?! #HU		]]></document>
	<document><![CDATA[@username thanks! Hoe ging het gisteren??		]]></document>
	<document><![CDATA[@username oww wat stom! Nog meer haat aan school		]]></document>
	<document><![CDATA[Cocktails drinken! #utrecht #zussen  http://t.co/fDgGvw8		]]></document>
	<document><![CDATA[@username ik wil ook!! Is dat echt nog mogelijk?		]]></document>
	<document><![CDATA[Beter geen auto, dan een lelijke auto #luxeprobleem		]]></document>
	<document><![CDATA["My milkshake brings all the boys to the yard" ... Lekker papaya milkshake gemaakt na het hardlopen.. Lekkerrrr  http://t.co/2Qf1guZ		]]></document>
	<document><![CDATA[@username fuck sneeuw, morgen niet please!		]]></document>
	<document><![CDATA[@username bij welke Mercedes zit je?		]]></document>
	<document><![CDATA[@username zo leuk!!! Ik wil ook me eigen mercedes		]]></document>
	<document><![CDATA[Trek in! #speenvarken en #sliertjes http://t.co/UPdowSG		]]></document>
	<document><![CDATA[@username hahaha ik ben nog lekkerder. Wat een leuke pf heb jij		]]></document>
	<document><![CDATA[@username huh, maar is dat na het concert in HMH?		]]></document>
</author>