<?xml version="1.0" encoding="UTF-8" standalone="no"?><author id="bd8cd874-e9ce-4276-963b-fdb87af529ed" lang="nl">
	<document><![CDATA[Genieten van #BBC #Coast		]]></document>
	<document><![CDATA[@username Die tijd gaat vast ten koste van overleg en de daarbij noodzakelijke koffie, die ook steeds zuiniger wordt geleverd.		]]></document>
	<document><![CDATA[Zoonlief heeft opa en oma nu drie keer aan de telefoon gehad omdat ze hun kleinzoon willen zien op #uitzendinggemist. Maar hoe doe je dat?		]]></document>
	<document><![CDATA[Gemeente Mook en Middelaar wil breken met BiblioPlus - Bericht - Bibliotheekblad: http://t.co/JMbitwC2 via @username		]]></document>
	<document><![CDATA[er komt mooi weer aan, Gerrit Hiemstra klinkt bijna teleurgesteld #NOS #journaal		]]></document>
	<document><![CDATA[BBC News - Comedy memoirs battle for Christmas best-seller list http://t.co/83zfOH9S Wat zou de Nederlandse kerstseller worden?		]]></document>
	<document><![CDATA[Het is een mooie dag voor de dood, hopelijk slaap je straks rustig in #Paul #RIP		]]></document>
	<document><![CDATA[Pfff... de verlofaanvragen tot en met de eerste week van januari in rooster gezet, nu nog de vervangers zoeken...		]]></document>
	<document><![CDATA[@username Het waterballet intrigeert me het meest :) Laat me raden: het dak is nog niet waterdicht?		]]></document>
	<document><![CDATA[@username Volgens mij ben je nog nooit zo blij geweest als nu met de gietvloer		]]></document>
	<document><![CDATA[Timeline stroomt vol met Arabisch schrift, retweets van door mij gevolgde Libiërs, Sirte gevallen? Nee Libië - Zambia 1-0		]]></document>
	<document><![CDATA[#BBC #Merlin kijken		]]></document>
	<document><![CDATA[Marvellous early flying machines http://t.co/Z658WiML Wat een lef hadden die kerels zeg, of waren ze gewoon naïef?		]]></document>
	<document><![CDATA[Dat Iraanse complot met Mexicaanse drugsgangs klinkt erg #24 #radio1 Heeft Jack Bauer geholpen?		]]></document>
	<document><![CDATA[Welke locaties #Breda? site gemeente geeft geen resultaat http://t.co/VxSxC52h		]]></document>
	<document><![CDATA[#Allstars kijken #blijftleuk		]]></document>
	<document><![CDATA[#Merlin met verrassende plot, Lancelot en Uther dood, hoewel van Lancelot met ik niet zeker...		]]></document>
	<document><![CDATA[wat is het weer een mooi weekend! #psvutr 1-0		]]></document>
	<document><![CDATA[Video: baby snapt wel een iPad, maar niet een tijdschrift http://t.co/AzqwwgFd via @username		]]></document>
	<document><![CDATA[@username Misschien Huis van de Moskee?		]]></document>
	<document><![CDATA[Maar eerst de laatste  aflevering van #Frost zien.		]]></document>
	<document><![CDATA[@username De jouwe al, en reisinfo geprint?		]]></document>
	<document><![CDATA[@username En, hoe wit is het huis nu, kun je het huis goed achterlaten als je naar #b2d10 gaat?		]]></document>
	<document><![CDATA[Heerlijk hoe bij #Frost een vriendschappelijke competitie is te zien tussen collega's die in een papieren of digitaal acchief zoeken		]]></document>
	<document><![CDATA[De dame van de computer speelt vals, dus 1-0 voor het papieren archief!		]]></document>
	<document><![CDATA[@username We noemen haar hier thuis Jolanda Sapstroom, dat zegt genoeg...		]]></document>
	<document><![CDATA[#marars is veel minder leuk dan foebal gisteren, wij switchen naar #Lewis		]]></document>
	<document><![CDATA[Muziek van Holst past perfect bij een moord #Lewis		]]></document>
	<document><![CDATA[fiets ophalen Teteringen, in Zuidoost ideen van de retailwerkgroep uit werken, werkoverleg in Brabantpark en dan in ZO leesclub #rondjebreda		]]></document>
	<document><![CDATA[Bij het ophangen van de vlaggetjes van #nederlandleest bleek mijn rokje toch wel wat strak.		]]></document>
	<document><![CDATA[#dwdd De twee libiedeskundigen zijn vermoeiend, was er niemand te vinden die bondig deskundig kan zijn?		]]></document>
	<document><![CDATA[@username Mooi gezegd!		]]></document>
	<document><![CDATA[Als ze maar niet afgedroogd worden! RT @username: Schattig, PSV speelt weer in theedoeken. #happsv		]]></document>
	<document><![CDATA[met die strafschop moet #happsv eigenlijk #happypsv zijn!		]]></document>
	<document><![CDATA[Goedemorgen! #Nederlandleest begint vandaag, helaas voor mij niet goed, het downloaden van het e-book mislukt wegens ongeldige vouchercode		]]></document>
	<document><![CDATA[Voordat ik de vouchers vanmiddag ga uitdelen straks eerst maar eens op mijn werk  een andere voucher proberen. #nederlandleest		]]></document>
	<document><![CDATA[#widm Da's jammer zit ik op het moment supreme in de bios, maar ik wens jullie alle succes!		]]></document>
	<document><![CDATA[Prachtige wandeling langs de Mark, project vierde bergboezem is echt geslaagd! En het mooie is... of niemand weet het, of was op de kermis?		]]></document>
	<document><![CDATA[Muziektip voor een zonnige zondagmiddag met bubbles and bites #fipradio		]]></document>
	<document><![CDATA[@username Het weer was inderdaad geweldig, en aan zee vast extra genieten!		]]></document>
	<document><![CDATA[Ebooks gaan veel veranderen, ze bieden kansen		]]></document>
	<document><![CDATA[Wanneer ben je als bibliotheek eigenlijk verankerd in de samenleving? #b2d10		]]></document>
	<document><![CDATA[Wat wil de klant?#b2d10		]]></document>
	<document><![CDATA[#gelukje:  Bij het kopen van mijn nieuwe winterjas, kwam de verkoopster tijdens het passen met de 50% sticker langs :) #Bijenkorf		]]></document>
	<document><![CDATA[#b2d10 in de jumbobieb een AH-erlebnis?		]]></document>
	<document><![CDATA[zijn de ervaringen van veghel te gebruiken voor een grote stad? #b2d10		]]></document>
	<document><![CDATA[de gemiddelde nederlander weet niet dat je via de lokale bibl wetenschappelijke literatuur bij de kb kunt lenen#b2d10		]]></document>
	<document><![CDATA[#radio1 Als de voorzitter Jan Nagel uitspraken laat doen als "jij hebt  er geen verstand van"  is een dialoog onmogelijk.		]]></document>
	<document><![CDATA[Dwdd Sonja applaus! Niks geen onderhandelingsjournalistiek!		]]></document>
	<document><![CDATA[@username Jippie! gefeliciteerd ! Ine ook, begreep ik vanmiddag, toen zat jij nog onder het mes...		]]></document>
	<document><![CDATA[#GL pleit voor een platte organisatie en een nadrukkelijk accent op educatie #raadscommissie #Breda		]]></document>
	<document><![CDATA[CDA #raadscommissie #Breda Vragen over de financiën, statuten.		]]></document>
	<document><![CDATA[vraag over de servicepunten #raadscommissie #Breda		]]></document>
	<document><![CDATA[#D66 # raadscommissie #Breda Bibliotheek en NV zijn basisvoorzieningen. Vraag: is er al zicht op toekomstige tarieveringen?		]]></document>
	<document><![CDATA[#D66 Het zou fijn zijn als de vestigingen meer open zouden zijn, en wat zijn de kansen mbt samenwerking voor het UItpunt?		]]></document>
	<document><![CDATA[PvdA Verzelfstandiging is op zich een goede zaak. beide organisaties hebben een goede naam en de hoop is  dit vasthouden en versterken.		]]></document>
	<document><![CDATA[PvdA Waar houdt de markt van de nieuwe organisatie op en waar begint de vrije markt? #raadscommissie #Breda		]]></document>
	<document><![CDATA[#commissievergadering #Breda Wat betekent de nieuwe organisatie voor de regionale samenwerking van de bibliotheek? PVDA		]]></document>
	<document><![CDATA[#PvdA #raadscommissie Wens om UItpunt en VVV samen te voegen tot 1 punt voor alle culturele informatie in Breda		]]></document>
	<document><![CDATA[SP Zorg mbt de garanties voor handhaving van het aantal vestigingen of hoogte van de tarieven.		]]></document>
	<document><![CDATA[Zorg voor de invloed van de raad op het beleid van de bibliotheek en de nieuwe veste #SP #raadscommissie		]]></document>
	<document><![CDATA[#raadscommissie #TON Draagt de nieuwe organisatie bij aan Brabant Culturele hoofdstad?		]]></document>
	<document><![CDATA[Hoofdconclusie #wilbertwillems : Iedereen behalve SP is blij met verzelfstandiging, maar er zijn wel vragen.		]]></document>
	<document><![CDATA[#raadscommissie #Breda Wethouder Willems is aan het woord, hij moet nu van de voorzitter ook de vragen gaan beantwoorden :)		]]></document>
	<document><![CDATA[#raadscommissie #Breda Zorg over achterblijvende kosten bij het Stadskantoor als bibliotheek en nieuwe veste verzelfstandigen.		]]></document>
	<document><![CDATA[#raadscommissie #Breda Discussie over begrotingstechniek en doorberekenen/meenemen van kosten SSC.		]]></document>
	<document><![CDATA[#raadscommissie #Breda Begrotingstechnische discussie verschil van visie wethouder en D66		]]></document>
	<document><![CDATA[#raadscommissie #Breda Wethouder Willems: waar de markt voor een gesubsidieerde instelling eindigt, een eerste visie staat in beleidsstuk.		]]></document>
	<document><![CDATA[#raadscommissie #Breda Wilbert Willems: het is belangrijk dat het subsidieinstrument gebruikt kan worden om voorwaarden te stellen.		]]></document>
	<document><![CDATA[#raadscommissie #Breda We gaan afsluiten, de voorzitter vat de discussie samen, de wethouder heeft voldoende input om verder te gaan.		]]></document>
	<document><![CDATA[Waarom mogen bibliotheken geen ebooks uitlenen?		]]></document>
	<document><![CDATA[De bibliotheek van de toekomst blijft een  gebouw waar interactie plaatsvindt.		]]></document>
	<document><![CDATA[Uitgevers zijn bang #b2d10		]]></document>
	<document><![CDATA[In de jaren 90 waren er meer inkomsten uit video s dan uit bioscoopbezoek #b2d10		]]></document>
	<document><![CDATA[Boeken zijn emotie		]]></document>
	<document><![CDATA[Presentatie in de cloud of op je eigen wolk		]]></document>
	<document><![CDATA[Als PSV nu niet snel wat beter gaat spelen wordt ik fan van KVV Oud-Heverlee of zo #psvher		]]></document>
	<document><![CDATA[#studiosport Heb altijd het gevoel dat het seizoen van FC Utrecht geslaagd is als ze twee keer van Ajax hebben gewonnen. #passie #inzet		]]></document>
	<document><![CDATA[thuis op de bank, terug van #b2d10  nog allerei indrukken aan het verwerken.  Centre Ceramique bedankt voor de gastvrijheid!		]]></document>
	<document><![CDATA[@username Het opruimen van een tienerkamer duurt langer :)		]]></document>
	<document><![CDATA[#dwdd papa speelt goed gitaar!		]]></document>
	<document><![CDATA[@username  Oneens: Hulp instanties is zeer welkom, mantelzorg is liefde en wegcijferen en zeer zeeer zeeeeeeer belastend voor ouders 70>		]]></document>
	<document><![CDATA[@username Ben benieuwd: welke 17 zitten er in jouw klinktanders?		]]></document>
	<document><![CDATA[@username Begrijp dat je inmiddels op 5 zit? Ik pas wat deze opdracht betreft hoor, ik ga voor 17 boektitels :)		]]></document>
	<document><![CDATA[@username Cross-over muziek/literatuur ...		]]></document>
	<document><![CDATA[#dwdd De 17 meest invloedrijke boeken, films, games.... welke criteria?		]]></document>
	<document><![CDATA[Led Zeppelin, Elvis, Joe Jackson, Queen, Oasis, Blur ... keuze van zoon2		]]></document>
	<document><![CDATA[@username Volgens mij kan objectief niet, het blijft persoonlijk ! Daarom is de  formule van #dwdd zo leuk #oversmaakvalttetwisten		]]></document>
	<document><![CDATA[@username @username Word steeds nieuwsgieriger naar jouw lijstje!		]]></document>
	<document><![CDATA[Word afgeleid bij het invullen van de 17 boektitels door de leuke documentaire op #ned3		]]></document>
	<document><![CDATA[Prachtige, ontroerende documentaire leven met kanker #VPRO		]]></document>
	<document><![CDATA[#dwdd Prem wordt heel netjes op zijn vingertjes getikt #onbeschaafdheid		]]></document>
	<document><![CDATA[Spannende SF op RTL5, ken de film Pitch Black niet, maar schijnt een must voor SF-fans te zijn, dus ben benieuwd!		]]></document>
	<document><![CDATA[@username Ik ben al weer bijgekomen, hoe is het bij jou?		]]></document>
	<document><![CDATA[In voetbal lossen we een gelijkspel toch op met penalty's? Live Johan vs Louis uit de Arena #toptelevisie #Ajax		]]></document>
	<document><![CDATA[@username oef! Dat is schrikken! Is het al beter?		]]></document>
	<document><![CDATA[@username Is het een soort vuurwerk? Echt de huisartsenpost bellen als dat het geval is...		]]></document>
	<document><![CDATA[@username Hee, en hoe doet je hekel het met die foebelblessure?		]]></document>
	<document><![CDATA[@username Ron wil ons wel brengen, maar vind het fijn als ik mee terug kan rijden. gezien mijn rol en kleding is fietsen amper een optie		]]></document>
	<document><![CDATA[LOL # VI # foebel=een schimmel die overal doorheen woekert		]]></document>
</author>