<?xml version="1.0" encoding="UTF-8" standalone="no"?><author id="c6a31792-2aa6-4c2e-9532-b1c9c8a8cf3a" lang="nl">
	<document><![CDATA[klopt het nou dat #Dalrymple zijn standpunten niet onderbouwt? wel boeiende televisie #wintergasten #dwingttotnadenken		]]></document>
	<document><![CDATA[De boeken van Theodore Dalrymple zijn trouwens te leen bij #bibliotheekbreda		]]></document>
	<document><![CDATA[@username Blijft leuk om te doen, Twilk!		]]></document>
	<document><![CDATA["De ontdekking van de hemel" aan het herlezen, en info aan het opzoeken over de in het boek genoemde gebouwen: dat zijn er nogal wat!		]]></document>
	<document><![CDATA[Sancta sanctorum, heb ik verdikkeme zoveel in Rome gezien, maar kennelijk de Sint-Jan van Lateranen gemist! Moet ik nog een keer terug ;)		]]></document>
	<document><![CDATA[H.Mulisch #ontdekkingvandehemel was briljant, kende zelf Piranesi's Carceri niet ... #http://bit.ly/ey7dcL.Hij natuurlijk wel !		]]></document>
	<document><![CDATA[Ziekenfondsen betalen bridge niet meer terug - De Standaard http://t.co/EAymDPDV via @username		]]></document>
	<document><![CDATA[Net de wensballon opgelaten, met onze wensen erop. Was een mooi gezicht #oudjaar		]]></document>
	<document><![CDATA[Zouden ACda en de Munnik eigenlijk weten waar De Meijerij en de Kempen liggen? #vriendenvanamstel		]]></document>
	<document><![CDATA[Vriendelijkheid kun je moeilijk weggeven, je krijgt het altijd terug! ik wens iedereen veel vriendelijkheid toe komend jaar  #2012		]]></document>
	<document><![CDATA[bekijkt de VPRO site http://t.co/sY3NVbbg		]]></document>
	<document><![CDATA[#wintergasten Ha, we beginnen met een fragment over David Bowie! #gavinfriday op maandag:)		]]></document>
	<document><![CDATA[Nu Joy Division #wintergasten #gavinfriday veelbelovend begin van een goed gesprek over muziek		]]></document>
	<document><![CDATA[Mooi, als je boos was en je vervreemd voelde kon je of aan de drank, of aan de heroine of je begon een band #gavinfriday #wintergasten		]]></document>
	<document><![CDATA[Over de macht van de katholieke dictatuur in Ierland #gavinfriday #wintergasten		]]></document>
	<document><![CDATA[Als alle religies een rockBand waren dan had de rooms-katholieke kerk de beste show #gavinfriday #wintergasten		]]></document>
	<document><![CDATA[Sabelvechter Star Wars overleden - De Standaard http://t.co/XfwtLhKI via @username En dan 89 worden!		]]></document>
	<document><![CDATA[vandaag vanuit zuidoost, bieb west en dan haagse beemden bezoeken. Wacht nu even met fietsen, volgens #buienradar is het om 8.30 droog		]]></document>
	<document><![CDATA[Speciale Britse munt met verklaring buitenspel - Olympische Spelen - VK http://t.co/T8tAFkag via @username		]]></document>
	<document><![CDATA[Sergeij Diaghilev van Sjeng Scheijen #dwdd aanwezig in #biebbreda .. #reserveren		]]></document>
	<document><![CDATA[Manlief #alseenkindzoblij met een oude LP, The Raven met hologram-hoes. Hij had de LP al wel, maar dan zonder hologram, dus!  nou ja..		]]></document>
	<document><![CDATA[Nooit meer #boete in de #bieb met de bieb-app http://biebapp.nl/		]]></document>
	<document><![CDATA[#metropolis Levensgevaarljke schoenen en verdach!te pakketjes		]]></document>
	<document><![CDATA[vanavond in de bibliotheek Breda: Connie Palmen en Francisco Jole over web 2.0		]]></document>
	<document><![CDATA[Opmerkelijke video http://youtu.be/nXUVgg3G36s		]]></document>
	<document><![CDATA[zoek info over dorset, onze vakantiebestemming en luister meteen maar naar de radio: verrassend herstel van Willem 2		]]></document>
	<document><![CDATA[leuke wandelingen gevonden bij de national trust, te downloaden.ff in favorieten gezet.		]]></document>
	<document><![CDATA[een paar leuke campings gevonden: wordt het die zonder of met douche?		]]></document>
	<document><![CDATA[he, he, weer online! laptop was gecrasht, en nu een oud beestje van stal gehaald. Hoop updates binnengehaald sinds 2007		]]></document>
	<document><![CDATA[ben je net aan het twitteren blijken er ineens ook twibes te bestaan...		]]></document>
	<document><![CDATA[nac staat voor tegen twente!		]]></document>
	<document><![CDATA[t is stil op het twitterfront...		]]></document>
	<document><![CDATA[Hoop dat Femke blijft twitteren!		]]></document>
	<document><![CDATA[zullen we de #winter afschaffen? Bespaart een hoop geld, en ergernis #takendiscussie.		]]></document>
	<document><![CDATA[Het was een rustige avond in biebbreda zuidoost, de toegang is door ons met zout, sneeuwschep en bezem toegankelijk gemaakt #rodeloper		]]></document>
	<document><![CDATA[In Oost bekijken we net wat jullie allemaal twitteren!		]]></document>
	<document><![CDATA[#ovt over Hella Haase		]]></document>
	<document><![CDATA[Helemaal blij met mijn nieuwe speelgoed! Vier letters en het begint met een i...		]]></document>
	<document><![CDATA[In MIdden-Brabant gaat de bibliotheek Ebooks uitlenen voor ipads!		]]></document>
	<document><![CDATA[Heb een eerste blik geworpen op kings williams test in de trouw van vandaag! Geef me dan maar onze krakercompetitie :(die makkelijker		]]></document>
	<document><![CDATA[genieten #metropolis #ned3		]]></document>
	<document><![CDATA[O'Hanlons helden, geweldige serie, leuke man... Volgende week bij #bibliotheekbreda en uitverkocht!		]]></document>
	<document><![CDATA[De verloren  stad  Z  http://t.co/7UHhSGqe  Het boek over Percy Fawcett is te leen bij #bibliotheekbreda #O'Hanlonshelden		]]></document>
	<document><![CDATA[#dwdd over de mogelijke elfstedentocht, Gelukkig weten we in het Zuiden zeker dat carnaval doorgaat!		]]></document>
	<document><![CDATA[Lieven Scheire: 'Er komt geen tweede Basta' - De Standaard http://t.co/qiYFfS1I via @username		]]></document>
	<document><![CDATA[@username @username Schaatsen 2.0 ?		]]></document>
	<document><![CDATA[@username @username Wel veel Tweets in het Fries dan, wie ondertitelt?		]]></document>
	<document><![CDATA[@username #dson Wat een prachtig landelijk gebied dat weer wordt opgeofferd...		]]></document>
	<document><![CDATA[@username over de ratingbureau's, wie zijn ze?		]]></document>
	<document><![CDATA[Nog steeds koud, na het fietsen van Zuidoost naar huis. #brrrrr		]]></document>
	<document><![CDATA[Op zoek naar info over treinverbindingen naar België, lastig om actuele info te vinden!		]]></document>
	<document><![CDATA[Worst Ice Skater Ever?: http://t.co/NUWbZOhR Voor iedereen die morgen de schaatsen onderbindt ....		]]></document>
	<document><![CDATA[#leigez kijken!		]]></document>
	<document><![CDATA[@username Veel plezier met het kerstontbijt morgen in de Schatkamer!		]]></document>
	<document><![CDATA[#leigez # Life is a journey not a destination, wijze woorden, sluiten aan bij Kavafis Ithaca http://bit.ly/gznr4r		]]></document>
	<document><![CDATA[@username morgen eerst BP met jongeren Vitalis, dan ZO team bijpraten Kobergroep en dan zien we elkaar bij het overleg. Ga je fietsen?		]]></document>
	<document><![CDATA[Handtastelijk http://t.co/hOKomTe4 via @username		]]></document>
	<document><![CDATA[@username En dan zonder ondertiteling, terwijl elke Vlaming op de een of andere manier als onverstaanbaar wordt beschouwd.		]]></document>
	<document><![CDATA[Laten we positief bekijken: het niet doorgaan van de #elfstedentocht op zondag bespaart de gelovigen in ieder geval een gewetenskwestie		]]></document>
	<document><![CDATA[#tegenlicht over hoe een bank Griekenland hielp om de schuld weg te werken en ze zo de euro in hielp...		]]></document>
	<document><![CDATA[Wie is erger, de bank die de truc levert of de politici die een rommeldeal sloten? #tegenlicht		]]></document>
	<document><![CDATA[Goldman Sachs heeft knappe koppen in dienst, maar lijkt gericht om zoveel mogelijk geld te verdienen ten koste van wie dan ook #tegenlicht		]]></document>
	<document><![CDATA[menselijkheid is geen issue in de bedrijfsculuur van het bankwezen #tegenlicht		]]></document>
	<document><![CDATA[Als je de dader zoekt, kijk naar wie ervan profiteert #goudenregelindetectives #tegenlicht #goldmansachs		]]></document>
	<document><![CDATA[Zo te zien heeft #eurostat ook zitten slapen #tegenlicht		]]></document>
	<document><![CDATA[#tegenlicht De woede van de gewone Griek is begrijpelijk, de crisis heeft een enorme impact		]]></document>
	<document><![CDATA[http://www.informatieprofessional.nl/nieuws/8340.html Ben benieuwd naar de ervaringen van de collega's!		]]></document>
	<document><![CDATA[@username hopelijk krijg je cv snel aan de praat, sterkte daar!		]]></document>
	<document><![CDATA[@username succes, het plaatje is trouwens erg mooi...		]]></document>
	<document><![CDATA[#widm kijken! Grappig die vloek op het penningmeesterschap!		]]></document>
	<document><![CDATA[#trapsv Hoe ging het clublied ook al weer? Vooruit PSV!!!!! Dus stoppen met pielen #hetisjemoedernietmompeltdepubernaastme		]]></document>
	<document><![CDATA[genieten, van creativiteit http://t.co/5iqewNy7		]]></document>
	<document><![CDATA[@username Hopelijk ben je nu van dak en heb je het weer warm gekregen...		]]></document>
	<document><![CDATA[Even naar #DWDD kijken, bij de Ankertjes moet ik altijd aan Jansen en Jansen denken, waar is Bobby?		]]></document>
	<document><![CDATA[#tegenlicht crisistip "bedenk wat je zelf kunt produceren en verkopen"		]]></document>
	<document><![CDATA[Besef dat de afzetmarkt voor minder kapitaalkrachtigen fors zal toenemen #tegenlicht crisitip		]]></document>
	<document><![CDATA[Zorg dat je je bezit op tijd veilig stelt #tegenlicht crisitip		]]></document>
	<document><![CDATA[Onderzoek NRC: vrouwen en kinderen eerst in bibliotheek http://t.co/WFc64ujJ via @username		]]></document>
	<document><![CDATA[@username  Bedankt voor de tip: we hebben meteen kaartjes gekocht!		]]></document>
	<document><![CDATA[Waarom spreek je HIFI met een ei-klankt uit en WIFI met een ie-klank ?#durftevragen		]]></document>
	<document><![CDATA[@username Dan is het maar goed dat je goed geluncht hebt		]]></document>
	<document><![CDATA[Mijn lief heeft gekookt, boerenkool met worst, mjammie!		]]></document>
	<document><![CDATA[WaiFai en HaiFai....  je zou er haast een stripverhaal over kunnen maken!		]]></document>
	<document><![CDATA[#kwaadbloed Volgende week een special over optimisme en levenskracht? #vpro		]]></document>
	<document><![CDATA[Gosh, heb toch het idee dat die voorpostjongen wel een baantje zou vinden in woII #kwaadbloed		]]></document>
	<document><![CDATA[Ok, als we allemaal dezelfde problemen ervaren kunnen we er allemaal wat aan doen #kwaadbloed		]]></document>
	<document><![CDATA[Na #kwaadbloed gezapt naar #nsf Kennelijk is Stand by your guitar de oplossing om uit Neerlands somberheid te komen?		]]></document>
	<document><![CDATA[@username Net een themaavond gezien met klagende Nederlanders #vpro #schaamme		]]></document>
	<document><![CDATA[Wie gaat de ako literatuurprijs winnen ? #durftevragen		]]></document>
	<document><![CDATA[@username Leuk dat je zo van Congo houdt ;)		]]></document>
	<document><![CDATA[Vandaag een beetje ziekjes, dus thuis! Had me verheugd op een actiegerichte werkdag, maar ja ti's ff niet anders!		]]></document>
	<document><![CDATA[@username @username Ha, je hebt gelijk! Prachtig boek, trouwens!		]]></document>
	<document><![CDATA[@username Maar voorlopig nog geen doelpunten :(		]]></document>
	<document><![CDATA[@username Volgens mij wel, zie je morgen hopelijk gewoon op de Centrale.		]]></document>
	<document><![CDATA[@username Ja, gek he, dat die er nog niet is? Ben weer in "Bersiap" aan het lezen, van Bussemaker nav familiebezoek indische tak.		]]></document>
	<document><![CDATA[@username Hij is geweldig!		]]></document>
	<document><![CDATA[#dwdd Als we nu gewoon de JSF niet kopen scheelt dat ook ruim 7 miljard ...		]]></document>
	<document><![CDATA[Bibliotheekmarketing, het is eigenlijk zo simpel http://t.co/PykHjSkl via @username		]]></document>
	<document><![CDATA[@username snap het niet..		]]></document>
	<document><![CDATA[James Bond blijft leuk!		]]></document>
</author>