<?xml version="1.0" encoding="UTF-8" standalone="no"?><author id="07eaee75-1229-44db-be83-04d8f4a28110" lang="es">
	<document><![CDATA[@username Regulación de lengua de signos en Andalucía. Supondrá incremento de servicios y profesionales http://t.co/r6mmRqMG		]]></document>
	<document><![CDATA[@username 10 consejos para presentar hojas de quejas y reclamaciones http://t.co/uMvmyKtw		]]></document>
	<document><![CDATA[@username marteño sí, pero deportista a ratos jeje a ver cuando hacemos una rutilla BTT!!! :)		]]></document>
	<document><![CDATA[http://t.co/HhfgiNhe --> Curioso sitio de Microsoft donde ver como cacharrean con #html5		]]></document>
	<document><![CDATA[Guía de twitter para principiantes: http://t.co/J9F8gSbY		]]></document>
	<document><![CDATA[@username por si quieres practicar en las fiestas :P http://t.co/myObkBds		]]></document>
	<document><![CDATA[Animaciones con #css3 http://t.co/KOvSowdt		]]></document>
	<document><![CDATA[RT @username http://t.co/ltglVIJg Firmad para que no se "carguen" una de las pocas cosas bonitas que nos quedan...		]]></document>
	<document><![CDATA[@username Doce sordos de Granada, primeros docentes on line del país en lengua de signos. Ideal http://t.co/TiHmvItz		]]></document>
	<document><![CDATA[#paulvandyk en madrid este viernes!! http://t.co/gslOpuhe yeeahh!		]]></document>
	<document><![CDATA[Buenísimos vídeos para enseñar a los padres, abuelos... en esto de la informática http://t.co/TSH4byg1 sólo falta q sepan inglés... :)		]]></document>
	<document><![CDATA[Pues yo creo que llegarán a los 1000 el 14 de dicembre de 22:00 a 23:00 #cronofollowers @username		]]></document>
	<document><![CDATA[@username @username enhorabuena por la charla!! Ha estado genial ;)		]]></document>
	<document><![CDATA[@username @username @username la 1ª y 3ª charla #OWASP las más didácticas y que más me han gustado. Enhorabuena!! :)		]]></document>
	<document><![CDATA[Hoy mi agenda dice:"Hay 3 cosas q nunca vuelven:la palabra pronunciada,la flecha lanzada y la oportunidad perdida" Prov.Chino,como la agenda		]]></document>
	<document><![CDATA[Web con demos de #html5 http://t.co/4F2ORbLl Los de drag&drop y canvas molan tela :)		]]></document>
	<document><![CDATA[@username  ooooooii jeje pos a darle caña a los gabachos y ya nos contareis!! ;)		]]></document>
	<document><![CDATA[@username  jeje hacemos lo q podemos... un dia d stos d navidad podiams irnos d birras los makinas d AS :)		]]></document>
	<document><![CDATA[@username jejej q perri mason estás hecho!! Veo q te entrenas :P Vamos a pillar uno pronto!!		]]></document>
	<document><![CDATA[@username Primera promoción de profesores online de lengua signos Andalucia http://t.co/mZdvEEmO		]]></document>
	<document><![CDATA[Interesante herramienta para comunicarse y compartir archivos con grupos #groupnic http://t.co/3pVmAGyD ¿¿nos hacemos un grupo?? :)		]]></document>
	<document><![CDATA[Resumen sencillo del DOM --> http://t.co/0s7lmtP8		]]></document>
	<document><![CDATA[Para comprobar ya si ha tocado algo, payo!! http://t.co/oGGtMpGX		]]></document>
	<document><![CDATA[@username sólo 50.000€ tio...		]]></document>
	<document><![CDATA[@username jeje pues la verdad q no tengo ni idea. @username es la q lo tiene y se sabe el número. Está de camino para acá. chan chan...		]]></document>
	<document><![CDATA[@username Pero q hijo de fruta!!! jeje A ver si me llevas un día pa allí :P		]]></document>
	<document><![CDATA[Pedazo de recopilación de enlaces sobre mobile learning http://t.co/Saihw6kx #mlearning		]]></document>
	<document><![CDATA["Nunca consideres el estudio como una obligación, sino como una oportunidad para penetrar en el maravilloso mundo del saber"
Albert Einstein		]]></document>
	<document><![CDATA[@username gracias mozo! :) q 10 temerarios nos hemos juntado jeje pa la próxima nos llevamos protecciones...		]]></document>
	<document><![CDATA[Guía de la semana: migrando a SSD http://t.co/dEzBX1F9		]]></document>
	<document><![CDATA[Niños que programan http://t.co/qsKutsdE		]]></document>
	<document><![CDATA[Sencilla comparativa entre las tecnologías de almacenamiento de datos MyISAM e InnoDB « TuFuncion http://t.co/BXvHufFg		]]></document>
	<document><![CDATA[Descarga cualquier distro Linux desde Windows --> http://t.co/nuU1H4qU		]]></document>
	<document><![CDATA[Oferta trabajo "Programador de Aplicaciones Web (especialidad Moodle)" --> http://t.co/3ZaF3x1w		]]></document>
	<document><![CDATA[@username @username Que vistas!!! :D Mirar: http://t.co/HnTnr1pY La próxima al Almadén!!		]]></document>
	<document><![CDATA[ifttt: que Internet trabaje por ti - http://t.co/3Vg9BzRz		]]></document>
	<document><![CDATA[Hasta los webs de la SOPA Y PIPA: http://t.co/aszvGWER		]]></document>
	<document><![CDATA[@username Va como un tiro, en el curso hemos cambiado Ubuntu por Mint y nos va genial :)		]]></document>
	<document><![CDATA[@username @username Pear 3.0! No lo había oido nunca tio... Ya nos contarás cm va :)		]]></document>
	<document><![CDATA[30 tutoriales con ejemplos sobre #html5 http://t.co/d3M6WGQB		]]></document>
	<document><![CDATA[@username A darle caña!! Ya nos enseñarás a hackear cacharrillos :)		]]></document>
	<document><![CDATA[@username @username jeje q eso lo hacemos por la seguridad, de los vecinos claro :)		]]></document>
	<document><![CDATA[@username  @username @username vaya mierda de lupulo! Q cosa + mala :s jeje		]]></document>
	<document><![CDATA[@username  tiooo eso es @username el q controla :)		]]></document>
	<document><![CDATA[@username Sí tio, no le vendrían mal unos cuantos principios de usabilidad... Parece una feria!! XD		]]></document>
	<document><![CDATA[@username Que fuerte los yankis estos...		]]></document>
	<document><![CDATA[Para el que necesite una web, aquí algunos profesionales: @username @username @username @username @username @username		]]></document>
	<document><![CDATA[Y más: @username @username @username @username @username @username @username ... Muchas gracias máquinas!! ;)		]]></document>
	<document><![CDATA[http://t.co/7NmEHKEu video sobre seguridad en aplicaciones web. Hay q filtrar toooo... :)		]]></document>
	<document><![CDATA[El link no era directo. Lección 7! Ale a comer...		]]></document>
	<document><![CDATA[@username ehhh que pasa!! Dándole caña a dj Neil?? jeje q mákina :)		]]></document>
	<document><![CDATA[@username eaa donde se ponga Ramses... q por cierto, no tenía el programa de 10 a 12??		]]></document>
	<document><![CDATA[@username diooohhh eso es casi como irse a los 40 principales... jeje		]]></document>
	<document><![CDATA[@username @username abonos del creamfields a 50€ niños!! Confirmados gordos el amigo tiesto. Si os animáis, vamos de turismo en agosto!		]]></document>
	<document><![CDATA[@username @username pues vamos a ir haciendo un grupo en el whatsapp y a ver si nos vamos de picnic... :D		]]></document>
	<document><![CDATA[Nuevas profesiones: http://t.co/QxNrUhYf		]]></document>
	<document><![CDATA[Comprar el coche de una abuela, sin duda la mejor opción... o no?? :) http://t.co/oT9GxYQv		]]></document>
	<document><![CDATA[@username : "Mañana voy a quemar ramón..." ... y Ramón quedó chamuscado ... :) cc @username		]]></document>
	<document><![CDATA[@username el chistaco de la noche... Creatividad máxima, en un ratillo, 2 chistes inventados... XD		]]></document>
	<document><![CDATA[@username A darle caña Emilio!!! :)		]]></document>
	<document><![CDATA[10 razones para visitar Martos: http://t.co/Y3tABhTg		]]></document>
	<document><![CDATA[Pedazo de jornadas sobre Seguridad Informática @username el 17 y 18 de abril en la UJA y gratis!! http://t.co/Rpp4kiKV #conectacon		]]></document>
	<document><![CDATA[@username q pa!! Pues sí, intentaré ir. Ya os pegaré un toque y nos echamos un desayuno o algo :D		]]></document>
	<document><![CDATA[Lo importante no es almacenar información, sino saber localizar y gestionar el conocimiento. #aprender #elearning #educación		]]></document>
	<document><![CDATA[@username Sin duda, buenísima! Creo que El Caso Bourne es la única peli en la que me he tragado los créditos, y varias veces... jeje		]]></document>
	<document><![CDATA[@username jeje espero que no desayunaras eso... :P Ya sabemos donde hay limones para la cocacola!! :)		]]></document>
	<document><![CDATA[@username curioso ver que el coste en tratamientos de obesidad sólo en EEUU es mayor que esos programas contra el hambre en África... :(		]]></document>
	<document><![CDATA[@username aro tio, si admite Linux se puede porque lo han integrado ya en el kernel. A partir de ahora veremos + cacharros con android :)		]]></document>
	<document><![CDATA[Por cierto, felicidades @username y además dobles!! Que no te he dicho na... jeje		]]></document>
	<document><![CDATA[#cursos #fpe #martos Diseño Web y Multimedia / Programador de Sistemas. Inscripción hasta el 23. Inicio en Abril. http://t.co/ZBrqWtgm		]]></document>
	<document><![CDATA[@username Felicidades fenómeno!! ;)		]]></document>
	<document><![CDATA[@username uooooo muy buena la colección de Nerdi!! Hoy mismo le voy a dar uso a algunas de las herramientas ;)		]]></document>
	<document><![CDATA[Comprueba el nivel de accesibilidad de tu web: http://t.co/eP3KOwVD		]]></document>
	<document><![CDATA[Si tienes #android puedes añadir 23GB a tu cuenta de DropBox con este truquito: http://t.co/ZDaM6ldJ		]]></document>
	<document><![CDATA[como hacer una caja de búsqueda molona con #css3 http://t.co/ZsbX6Red		]]></document>
	<document><![CDATA[@username  q partidaco echamos!! Cdo quieras revancha ;)		]]></document>
	<document><![CDATA[@username  ok, pero tendrás q esperar a q me afeite jeje		]]></document>
	<document><![CDATA[Responsive slider sólo con #css3 http://t.co/j2dsTndZ		]]></document>
	<document><![CDATA[Hoy mi agenda dice: "Sólo aquel que construye el futuro tiene derecho a juzgar el pasado" Nietzsche. Sabio este hombre...		]]></document>
	<document><![CDATA[http://t.co/sfsq00Zk plugin para html5 y jquery para conseguir efectos de "pasar de página" y esas cosas. Mooola!		]]></document>
	<document><![CDATA[@username ey tio!! Que estoy a tope de curro y no podré ir :( Lo cual también es bueno. A ver si echamos algo Luis!! :)		]]></document>
	<document><![CDATA[@username El windows 98 dicen q va muy bien. Por si te quieres actualizar... :P		]]></document>
	<document><![CDATA[@username enhorabuena por las jornadas #conectacon :) Me han dicho que han sido geniales!! Lástima que no pude pasarme... ainssss		]]></document>
	<document><![CDATA[@username  mucha suerte!! Ya nos contarás q tal ha ido la cosa. Venga, a dar muchos palos :)		]]></document>
	<document><![CDATA[@username jejeje y tú una retrataura ;P		]]></document>
	<document><![CDATA[pues sí @username y es que @username es una artistaza!!! :)		]]></document>
	<document><![CDATA[#ubuntu 12.04 listo: http://t.co/EPDyKGzt Le daremos otra oportunidad a ver que tal va...		]]></document>
	<document><![CDATA[Muchas gracias @username !! Dale caña a la consola que verás que montón de cosas se pueden hacer :)		]]></document>
	<document><![CDATA[Comparativa de servicios de almacenamiento online (incl. Google Drive) http://t.co/D65o8F2x		]]></document>
	<document><![CDATA[Que divertido, parece que nos van a subir el #iva otra vez... Y quieren combatir la economía sumergida... aaam http://t.co/WppBxRnc		]]></document>
	<document><![CDATA[AjaxML una forma sencilla de utilizar #ajax 
Tiene potencial. En el siguiente proyecto lo probaré :) http://t.co/OaWkukqm		]]></document>
	<document><![CDATA[@username  eso es un cacharro pa pedir directorios, hacer pwd y mmmm... ahh y pa hacer clear, tu sabes jejeje		]]></document>
	<document><![CDATA[Si  @username y ademas las 2 botellas de vino, los chupitos, la botellica, la copa dl bauhaus y por ultimo las de la qinta XD		]]></document>
	<document><![CDATA[@username  solo lo justo, asi que estudia o hazte chuletas aunque sea :p		]]></document>
	<document><![CDATA[Cómo crear juegos en html5 con Construct 2: http://t.co/3uQw1Duw te va a molar @username :)		]]></document>
	<document><![CDATA[Consejos a la hora de registrar un domino en Internet http://t.co/0nFEhcSn		]]></document>
	<document><![CDATA[El Reino Unido y la estupidez de tropezar por enésima vez en la misma piedra… http://t.co/G1e7d8YS http://t.co/G1e7d8YS		]]></document>
	<document><![CDATA[@username  jejeje eso es lo que tienes que hacer, estudiar!!! Y sacar de un 8 pa arriba :)		]]></document>
	<document><![CDATA[A dormir con el relajante sonido de las goteras... #suputamadre eso me pasa por decir q tnia q llover pero de noche XD		]]></document>
	<document><![CDATA[La fotografía del futuro: http://t.co/REJ7NzWL		]]></document>
</author>