<?xml version="1.0" encoding="UTF-8" standalone="no"?><author id="17edb4e0-2f24-4f30-a744-198c9c5d51c8" lang="es">
	<document><![CDATA[El lunes cierra Tecnópolis, pero reabre en 2012!! http://t.co/6HkCGFKb http://t.co/Juq9REIg		]]></document>
	<document><![CDATA[Más de 4.500.000 personas visitaron esta año una muestra de ciencia y tecnología #tecnopolis en mi país #victoriacultural		]]></document>
	<document><![CDATA[vamos a la fiesta de @username a despedir el historico reducto de #LVK we will miss that place!		]]></document>
	<document><![CDATA[Se pasa @username a la @username el año que viene! Basta para que un perro como yo no mueva mas el "dial" digital		]]></document>
	<document><![CDATA[Hernan es un grande! TEDxRiodelaPlata - Hernán Casciari - Cómo matar al intermediario http://t.co/6T9M59ga		]]></document>
	<document><![CDATA[@username dicen en cuevana que limitan la publicidad para solo ganar los costos que tienen x eso no hay delito xq no hay lucro nota n RS		]]></document>
	<document><![CDATA[@username Veo viejas cuicas dando limosnas xa comprarse el cielo y así no cambiar injusticias estructurales #Educacion #chile #teleton		]]></document>
	<document><![CDATA[Ultima semana en el laburo se viene el cambio d equipo y nueva etapa		]]></document>
	<document><![CDATA[@username esta dormida en algún lado, la que esta despierta es la CBA de la contra revolución de Mayo apoyando al Rey		]]></document>
	<document><![CDATA[Me vienen a convidar a arrepentirme Me vienen a convidar a q no pierdaMe vienen a convidar a indefinirme Me vienen a convidar a tanta mierda		]]></document>
	<document><![CDATA[@username daba para cerrar con querido FBI  en lugar de fiesta de locos me parece		]]></document>
	<document><![CDATA[? @username Rosendo F. en su informe semanal de hoy: "CFK recuperó el nivel de aprobación que tenía su gobierno al iniciarlo"		]]></document>
	<document><![CDATA[@username loco que se preocupe primero por las deudas y no por el producto que encargo #not #inyourdreams		]]></document>
	<document><![CDATA[El sandwich de crudo un camino d ida (@username La Nieta 'e la Pancha) http://t.co/eZG3irHb		]]></document>
	<document><![CDATA[I'm at Aeropuerto Internacional de Córdoba Ing. Ambrosio Taravella (COR) http://t.co/hGkXESJ9		]]></document>
	<document><![CDATA[I'm at La Fábrica del Taco (Gorriti 5062, e/ Thames y Serrano, Ciudad de Buenos Aires) w/ 2 others http://t.co/gnyI4O58		]]></document>
	<document><![CDATA[ideal para regalarle a @username http://t.co/jG1vFCa9 ;-)		]]></document>
	<document><![CDATA[I'm at Miranda (5602 Costa Rica, Fitz Roy, Buenos Aires) http://t.co/NNXhWpTe		]]></document>
	<document><![CDATA[@username si queres ser de la tribu del tio trabajos tenes q comprarte sus juguetitos !  #not		]]></document>
	<document><![CDATA[I'm at Aeroparque Jorge Newbery (AEP) (Av. Rafael Obligado s/n, Ciudad de Buenos Aires) w/ 4 others http://t.co/ta27fEfR		]]></document>
	<document><![CDATA[@username se publican los resultados del ISPUY2011 ?		]]></document>
	<document><![CDATA[@username para reservar mesa en dada ma;ana tenes un cel ?		]]></document>
	<document><![CDATA[I'm at Aeropuerto Internacional de Córdoba Ing. Ambrosio Taravella (COR) http://t.co/FlJ4941e		]]></document>
	<document><![CDATA[@username ta loco el tipo lo agarran en el aire y lo parten al medio !!!  Muy bueno como lo salta		]]></document>
	<document><![CDATA[#fuerzacristina el pueblo esta con vos		]]></document>
	<document><![CDATA[@username Con el Samsung galaxy S II t dura la batería y es tremendo teléfono//=parece q @username esta haciendo chistonto del día d inocentes		]]></document>
	<document><![CDATA[@username si si, lo se  pero a veces  se me escapa y lo retwiteo al falso VH  :S		]]></document>
	<document><![CDATA[@username los skullcandy estan muuy buenos		]]></document>
	<document><![CDATA[@username  tiene todo el derecho de mostrar las lolas si le pinta es muy machista pensar q eso la descalifica intelectual//  d algun modo		]]></document>
	<document><![CDATA[I'm at Aeropuerto Internacional de Córdoba Ing. Ambrosio Taravella (COR) http://t.co/ZYKneP2o		]]></document>
	<document><![CDATA[@username nop anda ok  tiene q ser un problema de la conf q pone la telco en tu android fijat las ops de desvio d llamada		]]></document>
	<document><![CDATA["Miles de españoles hacen fila frente a la embajada Argentina para obtener la doble ciudadanía. Yo tengo un abuelo..." http://t.co/v027EOFL		]]></document>
	<document><![CDATA[I'm at Infernales de Güemes (Belgrano 631, Córdoba) http://t.co/YGW0sWHG		]]></document>
	<document><![CDATA[I'm at Johnny B. Good (Hipólito Yrigoyen 320, e/ Independencia y Obispo Oro, Córdoba) http://t.co/LmMUYZgK		]]></document>
	<document><![CDATA[I'm at Aeropuerto Internacional de Córdoba Ing. Ambrosio Taravella (COR) http://t.co/E5r4XVv4		]]></document>
	<document><![CDATA[I'm at Aeroparque Jorge Newbery (AEP) (Av. Rafael Obligado s/n, Ciudad de Buenos Aires) w/ 8 others http://t.co/nOG5ttco		]]></document>
	<document><![CDATA[I'm at La Pescadorita (Humboldt 1905, Costa Rica, Capital Federal) http://t.co/IyZ5r8E7		]]></document>
	<document><![CDATA[I'm at Sans (Serrano 1595, esq. Honduras, Ciudad de Buenos Aires) http://t.co/6k8x1dZC		]]></document>
	<document><![CDATA[I'm at Google Argentina (Av Alicia Moreau de Justo 350, Av Corrientes, Buenos Aires) http://t.co/m8p9GnRZ		]]></document>
	<document><![CDATA[@username parece que esta saturado/caido alt1040		]]></document>
	<document><![CDATA[I'm at Estación Terminal de Ómnibus de Retiro http://t.co/3aczlwP3		]]></document>
	<document><![CDATA[@username los 2 androids tienen el mismo hard ?		]]></document>
	<document><![CDATA[I'm at Teatro Metropolitan (Av. Corrientes 1343, San Nicolás) http://t.co/KQap6Gb4		]]></document>
	<document><![CDATA[I'm at Plaza de Mayo (Av. Rivadavia a Hipólito Yrigoyen, e/ Bolívar y Balcarce, Ciudad de Buenos Aires) http://t.co/PDGopNq4		]]></document>
	<document><![CDATA[I'm at Monumento Mafalda (Defensa 702-756, Ciudad Autónoma de Buenos Aire) http://t.co/cV4b7PcW		]]></document>
	<document><![CDATA[I'm at Plaza Dorrego (Defensa 1100, & Humberto 1º 400, Capital Federal) http://t.co/5M0gTW9A		]]></document>
	<document><![CDATA[I'm at Parroquia San Ignacio de Loyola (Bolívar 225, Buenos Aires) [pic]: http://t.co/lAWK9Xbt		]]></document>
	<document><![CDATA[I'm at Casa Rosada (Balcarce 50, e/ Av. Rivadavia e Hipólito Yrigoyen, Ciudad Autónoma de Buenos Aire) [pic]: http://t.co/qeEUy7n8		]]></document>
	<document><![CDATA[I'm at Plaza San Martín (Av. Santa Fe, esq. Maipú, Ciudad de Buenos Aires) [pic]: http://t.co/uXPRIgTb		]]></document>
	<document><![CDATA[I'm at Aeropuerto Internacional de Córdoba Ing. Ambrosio Taravella (COR) http://t.co/xFXxzigt		]]></document>
	<document><![CDATA[@username hay un par d isp tirando fibra optica por 100$ dan ftth x ahora solo belgrano cañitas prox palermo pero tienen planes d expansion		]]></document>
	<document><![CDATA[I'm at McDonald's (Blvd. Chacabuco 990, Ciudad de Córdoba) http://t.co/lfhDaUUU		]]></document>
	<document><![CDATA[Esta saturado el server de Tribler lo pueden bajar desde http://t.co/v2I4J4vB el cliente para debian like  totalmente p2p		]]></document>
	<document><![CDATA[@username jaja almorzando nene ahora a seguir laburando abz		]]></document>
	<document><![CDATA[cine con sobrino :) (@username Showcase Cinemas Córdoba for Hugo Cabret 3D) http://t.co/5Y6HIrhS		]]></document>
	<document><![CDATA[@username jaja regalale tu espalda al cielo q seguro t lo agradece		]]></document>
	<document><![CDATA[@username instalate ubuntu deja el winchot de lado y olvidat de virus y d + problemas		]]></document>
	<document><![CDATA[I'm at Complejo la Gran 7 (Av C. Arenales 370, Córdoba) [pic]: http://t.co/2txwANTF		]]></document>
	<document><![CDATA[I'm at La Alameda (Obispo Trejo, Caseros, Cordoba) [pic]: http://t.co/RBjsNoSa		]]></document>
	<document><![CDATA[Ciencia financiará proyectos de software y servicios informáticos: http://t.co/bj1mLEky via @username		]]></document>
	<document><![CDATA[I'm at Complejo la Gran 7 (Av C. Arenales 370, Córdoba) http://t.co/2tc7mKWk		]]></document>
	<document><![CDATA[@username "creo" q esta discontinuado el desarrollo dsd hace un tiempo		]]></document>
	<document><![CDATA[Pensando en el nuevo #bootcamp sobre #Android que se viene en el @username en poco tiempo		]]></document>
	<document><![CDATA[Se viene un nuevo #android #bootcamp del @username en #FaMAF #UNC		]]></document>
	<document><![CDATA[@username cuando uno esta en blanco cobra salario familiar que es el equivalente d AUH siempre lo tuvieron los trabajadores en blanco		]]></document>
	<document><![CDATA[Se viene un nuevo #android #bootcamp gratis el sábado 21 oficial UNC-FaMAF mas info en http://t.co/4qpXCwU2 please rt		]]></document>
	<document><![CDATA[Anotate en  #android #bootcamp el sábado 21 curso oficial UNC-FaMAF #gratis  mas info en http://t.co/4qpXCwU2 please rt		]]></document>
	<document><![CDATA[@username es el mismo contenido teórico, salvo modif mínimas es el #Android #bootcamp 101		]]></document>
	<document><![CDATA[Segundo #Android #Bootcamp gratuito en #UNC #FaMAF  #Córdoba próximo sábado 21 de Abril organiza @username http://t.co/4qpXCwU2		]]></document>
	<document><![CDATA[[ Miss Filly ]: Android Bootcamp 101 en Córdoba (21 de Abril) http://t.co/jzq8OGhw		]]></document>
	<document><![CDATA[@username  nuu la idea de #Subway es que son grandotes! que onda con @username ?		]]></document>
	<document><![CDATA[@username si no le ponen ganas y lo hacen como antes (bien rellenos) esta todo mal con @username !		]]></document>
	<document><![CDATA[Últimos días para anotarte  #Android #Bootcamp gratuito #UNC #FaMAF #Córdoba próximo sábado 21 organiza @username http://t.co/4qpXCwU2		]]></document>
	<document><![CDATA[@username a quien??		]]></document>
	<document><![CDATA[@username sobre que hablan ?		]]></document>
	<document><![CDATA[cayetano arruinando el da xa darse en @username		]]></document>
	<document><![CDATA[#JateJoderJorge TT mundial @username nos hace hablar de giladas  muuy divertidas #daparadarse		]]></document>
	<document><![CDATA[Ultimo dia para inscribirte en el #Android #Bootcamp en la FaMAF - UNC +info http://t.co/4qpXCwU2  #gratis		]]></document>
	<document><![CDATA[Ultimo día para inscribirte en el #Android #Bootcamp en la FaMAF - UNC +info http://t.co/4qpXCwU2 #gratis @username @username  pls RT		]]></document>
	<document><![CDATA[Estoy usando http://t.co/vUaN2YNu para organizar proyecto de laburo hace unos meses y la experiencia es super buena -> recomendado		]]></document>
	<document><![CDATA[@username Cual es su direction legal en Argentina?		]]></document>
	<document><![CDATA[Por si alguien no se entero https://t.co/gfHtdeNI 5gb de almacenamiento en la nuve gratis		]]></document>
	<document><![CDATA[La pasión del desarrollo mostrado por la comunidad en Córdoba http://t.co/mfLwgQct		]]></document>
	<document><![CDATA[Ricardo Foster sobre reforma constitucional http://t.co/z0yBwz4Y		]]></document>
	<document><![CDATA[Harvard se declara abiertamente en contra de los monopolios intelectuales http://t.co/pNn3ux0U via @username		]]></document>
	<document><![CDATA[@username  Mal momento para cruzarse el barsa están emotivos los chicos RT @username: Final en Vallecas. RAY 0-7 FCB #fcblive		]]></document>
	<document><![CDATA[Homenaje a los caídos y ex combatientes de Malvinas: http://t.co/KEcHDFoD		]]></document>
	<document><![CDATA[@username dijo una fabrica de dulce de leche		]]></document>
	<document><![CDATA[Cortan el transito en CABA por el Dakar, pero no se podía cortar para hacer tecnopolis! administración @username WTF!		]]></document>
	<document><![CDATA[@username que flojo no poner el @username cuando nombras a alguien, igual a @usernametognettidaniel no creo que le importe mucho.		]]></document>
	<document><![CDATA[Otro video por el que los Ingleses sienten un ataque a su identidad y quieren presentar una queja formal ;)
http://t.co/fBaN3EBy		]]></document>
	<document><![CDATA[?"Me van a tener que disculpar" de Eduardo Sacheri, narrado por Alejandro Alejo Apo y relatos de Victor Hugo Morales http://t.co/HaBkYCla		]]></document>
	<document><![CDATA[Hollande ganó las elecciones en Francia http://t.co/7fI90C34		]]></document>
	<document><![CDATA[#HolaDonPepito a full en  @username		]]></document>
	<document><![CDATA[Estoy en Bartola corner (Capital Federal) http://t.co/ugrtT8Jb		]]></document>
	<document><![CDATA[@username modelo ?  lo hiciste con http://t.co/oiZi91Ad ?		]]></document>
	<document><![CDATA[@username fuiste a otra reunión ? conoces la gente?		]]></document>
	<document><![CDATA[@username buenisimo, muy probablemente voy		]]></document>
	<document><![CDATA[@username recién llegas?		]]></document>
	<document><![CDATA[Estoy en Panaderia Piccolo (Buenos Aires) http://t.co/a0plyRy1		]]></document>
</author>