<?xml version="1.0" encoding="UTF-8" standalone="no"?><author id="18ca1a2d-3fe5-42b0-b75e-cd3955baec15" lang="es">
	<document><![CDATA[@username banco que sea así, si me hubiese sonreído me habría decepcionado		]]></document>
	<document><![CDATA[@username jajajaja mal, igual es re flaquito eh. Son pura fibra los hijos de puta		]]></document>
	<document><![CDATA[@username lo vi días atrás en FB, vos viste la contratapa???????		]]></document>
	<document><![CDATA[No se sí anda mal tuiter, la garcha del 3G de @username o la basofia de @username		]]></document>
	<document><![CDATA[Culpo a @username entonces		]]></document>
	<document><![CDATA[Todo es horrible en ese tal profe romero		]]></document>
	<document><![CDATA[@username las deja bien paradas. Lo confirmo yo que no tengo una primera cita desde hace 15 años		]]></document>
	<document><![CDATA[@username dramático		]]></document>
	<document><![CDATA[@username promiscuidad digital		]]></document>
	<document><![CDATA[@username nos estaríamos pasando de ñoños		]]></document>
	<document><![CDATA[@username la pesó antes de garpar?		]]></document>
	<document><![CDATA[desde ayer el portal de @username me anda como el ojete…		]]></document>
	<document><![CDATA[@username @username como te fue mostrando los pechos?		]]></document>
	<document><![CDATA[@username @username vamos los pechos viejo! Igual seguro q fue por lo grosa no por el escote ????		]]></document>
	<document><![CDATA[@username para mi que al revés eh. Somos más trasparentes. Ellas son flor de jeropas ocultas		]]></document>
	<document><![CDATA[@username para mi sos un groso eh, fuera de la media		]]></document>
	<document><![CDATA[@username @username @username en wisky y putas? Si fue así no hay de qué lamentarse		]]></document>
	<document><![CDATA[@username @username @username los taxis son más caros y peligrosos que los gatos		]]></document>
	<document><![CDATA[Me parece muy feo eso de hacer bulling comerciante believer del relato. Piensen que vamos a tener que contener un montón de caídos del catre		]]></document>
	<document><![CDATA[Hay que recibirlos con el corazón abierto como nos enseña Francisco (?)		]]></document>
	<document><![CDATA[Igual la mayoría de los k que conozco hacen todo lo contrario de lo que el relato manda. 
X ej están más dolarizados que Ecuador		]]></document>
	<document><![CDATA[@username pocos momentos de mayor stress que el pasar jamón por aduana. Solo pensar q eso caiga en manos de un burócrata sanitario tiemblo		]]></document>
	<document><![CDATA[los tres pasos kirchneristas:
1. vaciar
2. romper
3. estatizar		]]></document>
	<document><![CDATA[Me estoy perdiendo a river y sufro leerlos		]]></document>
	<document><![CDATA[@username muy como el culo después de los 19		]]></document>
	<document><![CDATA[No se pierdan este tuit y las conversaciones abajo. 
https://t.co/KYjWqPsFRf		]]></document>
	<document><![CDATA[@username x los médicos q van a África?		]]></document>
	<document><![CDATA[@username un par de años atrás me aloje en Trinidad en lo de una familia con hijos médicos. Me decían q a Venezuela iban obligados...		]]></document>
	<document><![CDATA[40' viendo fotos de aviones en tuiter. Háblame de perder tiempo		]]></document>
	<document><![CDATA[@username @username el modelo basado en el consumo, la energía subsidiada y la desinversion en infraestructura no.		]]></document>
	<document><![CDATA[Che si con los pesos verga compraste un AA en 12 cuotas, y lo prendes porque la luz te sale menos q un alfajor, fíjate q quizá estas loco...		]]></document>
	<document><![CDATA[@username @username tan de acuerdo con eso como en desacuerdo sobre los responsables. O por lo menos el nivel de responsabilidad		]]></document>
	<document><![CDATA[El gobierno es responsable de definir incentivos, reglas, etc en el sistema. Pero la culpa es del salame q prende el aire. Asombroso		]]></document>
	<document><![CDATA[@username @username muy mal acostumbrados. Siempre la culpa es del otro. 
El drama es cuando las hecha el ppal promotor del problema		]]></document>
	<document><![CDATA[@username @username echa (perdón)		]]></document>
	<document><![CDATA[@username que seamos muchos atenta con mi idea de que somos los mejores.		]]></document>
	<document><![CDATA[@username es producto de. No lo puede empeorar		]]></document>
	<document><![CDATA[@username @username franco donde estarás firmando ejemplares. Quiero uno dedicado		]]></document>
	<document><![CDATA[@username la de GH? Alta burra		]]></document>
	<document><![CDATA[@username @username lo voy a ir leyendo entonces y me lo firmas leído		]]></document>
	<document><![CDATA[Dramático el progresismo porteño y ecológico		]]></document>
	<document><![CDATA[Dr polisky. Te reconstruye la nena (?)		]]></document>
	<document><![CDATA[@username vivimos con lo nuestro y somos felices pa		]]></document>
	<document><![CDATA[@username te opera y te hace la cara de Gladys la bomba tucumana		]]></document>
	<document><![CDATA[@username acabo de caer en el uso de la X en el nombre. Hijodeputa		]]></document>
	<document><![CDATA[@username justamente la idea es que nunca lleguen al poder. Populismo = pobrismo		]]></document>
	<document><![CDATA[@username el derrocamiento de un gobierno tiene sus sufrimientos soldado		]]></document>
	<document><![CDATA[@username las colombianas. Pero pía se puede enojar.		]]></document>
	<document><![CDATA[Dejo de funcionar @username en San Telmo y el 3G de @username en la zona es una farsa. 
Ojalá que esta comparsa los expropie		]]></document>
	<document><![CDATA[Sin internet gracias a @username. veo como lentamente mis planes de fin de semana se evaporan. 
Trabajar en el SXXI desde argentina		]]></document>
	<document><![CDATA[@username nuestra dirigencia es hermosa		]]></document>
	<document><![CDATA[Donde carajo dejaron los borradores en esta maldita red social?????		]]></document>
	<document><![CDATA[@username en el celu! Dónde donde?		]]></document>
	<document><![CDATA[@username ah que genia. Gracias!		]]></document>
	<document><![CDATA[@username no. Hace años q en san Telmo el 3G no funciona bien		]]></document>
	<document><![CDATA[Me acorde del videito de la caja fuerte 
https://t.co/OQsru2VtGr		]]></document>
	<document><![CDATA[@username de lejos parece al gordo rugbier		]]></document>
	<document><![CDATA[@username @username ahogado en su piscina de monedas de oro		]]></document>
	<document><![CDATA[@username @username @username comprale un depto o un mini cooper. Ratón		]]></document>
	<document><![CDATA[@username @username @username que terrible imbecilidad progre discriminar para q no piensen q discriminas		]]></document>
	<document><![CDATA[@username lo de scioli en la provincia es desastroso. Un mamarracho enorme. 
Todo mal hizo		]]></document>
	<document><![CDATA[@username este retrocedió... Y mira que era difícil ir para atrás y encima con viento de cola		]]></document>
	<document><![CDATA[@username @username que hijos de puta		]]></document>
	<document><![CDATA[@username Brasil puede ser, pero en Uruguay el frente es mucho más serio q pou		]]></document>
	<document><![CDATA[Y ahora es cuando el otro lado del idotismo festeja a La Nación (sí a la nación) y dice "vieron que no hay dictadura ni fin de ciclo"
Y así		]]></document>
	<document><![CDATA[@username creo que el 30 de noviembre		]]></document>
	<document><![CDATA[@username lo mismo con Clarín, lo mismo con Moyano, etc etc etc. No es una cuestión de principios sino de negocios		]]></document>
	<document><![CDATA[@username @username que la historia me juzgue		]]></document>
	<document><![CDATA[@username y y el resto saco 30 y 20 respectivamente		]]></document>
	<document><![CDATA[Dos neuronas no pueden dar mas que esto
https://t.co/V87tjRVNo7		]]></document>
	<document><![CDATA[@username @username son las batallitas de los anti y believers. 
Ahora a disfrutar el show		]]></document>
	<document><![CDATA[@username pero esa es una boba con kiosco académico. En cambio esta mina quiere gobernar algo más allá de su patio con flores		]]></document>
	<document><![CDATA[En qué cabecita loca puede caber la fantasía de que Aecio nos iba "liberar" del año constitucional que queda de gobierno? Freaks		]]></document>
	<document><![CDATA[Bué. Empieza el show de los otros freaks subsidiados
https://t.co/vm7Dshiu2a		]]></document>
	<document><![CDATA[@username manejo como un gran gobernante las forreadas que les hicimos. A uruguay no le conviene pelearse con argentina		]]></document>
	<document><![CDATA[@username @username @username su apuesta es esa. Ser el que define mayoría de un lado y otro		]]></document>
	<document><![CDATA[Me parece muy acorde a la época q vivimos poner un impuesto x cada problema no solucionado o, como en este caso, generado x malas políticas		]]></document>
	<document><![CDATA[Si además de las malas ideas que tienen, cada uno le aporta la suya podemos reventar este país en dos meses #vamosquepodemoS		]]></document>
	<document><![CDATA[Boludo nivel obarrio ya está aceptado por la RAE no?		]]></document>
	<document><![CDATA[La concha de la lora que STRESSSSS		]]></document>
	<document><![CDATA[No se por qué garcha hablan de irse a dos países q no tienen mar. Tiemblo de solo pensarlo		]]></document>
	<document><![CDATA[@username en uno ni montañas hay. Me corto las bolas con una hoja de soja		]]></document>
	<document><![CDATA[@username @username te discriminaban los paraguas jijijiji		]]></document>
	<document><![CDATA[@username xque no tenían el motor aun		]]></document>
	<document><![CDATA[@username si si desde hace tiempo. No sé bien cómo es la movida pero siempre hubo coches ponjas nuevos. Che y que es curepa?		]]></document>
	<document><![CDATA[@username en mi época fsoc no era un lugar donde quisieras agarrarte una minita		]]></document>
	<document><![CDATA[@username EXAGERADO		]]></document>
	<document><![CDATA[@username Ramona es un indicador del rol hoy día del parlamento. Otro modelo, otras reglas, exigen otro tipo de calidad y nivel de actores		]]></document>
	<document><![CDATA[@username de todos modos, es un simplismo pensar q esa es la solución a nuestra dem. Pero ajustando algunos otros sistemas podría andar		]]></document>
	<document><![CDATA[@username @username me paso lo mismo. Debe ser que tenes una deuda entonces cada vez q te notifican y no estas en casa te dan de baja :(		]]></document>
	<document><![CDATA[@username @username te piden servicios a tu nombre (sácales un copia). El tema es q va a volver a pasar hasta q no saldes deuda		]]></document>
	<document><![CDATA[@username cierto que el kirchnerismo nos devolvió la politica		]]></document>
	<document><![CDATA[@username te parece cobrar lo que cobras con el servicio de mierda que brindas?		]]></document>
	<document><![CDATA[@username no hay un solo día que mi trabajo no se vea afectado por el pésimo servicio q brindan. 
Deberían pagarle ustedes a los usuarios		]]></document>
	<document><![CDATA[@username muy bueno ????		]]></document>
	<document><![CDATA[El lcd colgado de la pared me deprime tanto como la estrella en decadencia y golpeadora de mujeres		]]></document>
	<document><![CDATA[El pibe este de la campora va a poder chapear con "le pego como el Diego"		]]></document>
	<document><![CDATA[@username se siguen haciendo los de dos pe?		]]></document>
	<document><![CDATA[Mira @username la competencia me flirtea. Cuídame zonzo http://t.co/yleYNfwol1		]]></document>
	<document><![CDATA[@username ya esta funcionando. Llame por teléfono y en 10 min nadie atendió. Muy seguido se cae el servicio		]]></document>
</author>