<?xml version="1.0" encoding="UTF-8" standalone="no"?><author id="2d81a9cf-ee2c-4d4d-b87c-9f2f143e0433" lang="es">
	<document><![CDATA[3 maneras de medir tu imagen de marca en redes sociales http://t.co/4C9l8cSxPy via @username #SMROI		]]></document>
	<document><![CDATA[Qué deberías hacer antes de redactar un Social Media Plan  via @username http://t.co/ygGgJASqaD		]]></document>
	<document><![CDATA[RT @username: ¿Quis custodies ipsos custodes? http://t.co/az3BIyphBj…		]]></document>
	<document><![CDATA[@username ha sido un placer impartir la sesión; más sobre #SMROI en http://t.co/OChKkCuiDb		]]></document>
	<document><![CDATA[@username define 'gran' y, cuando nacio Gary? Creo que exagera, solo en parte tiene razon.		]]></document>
	<document><![CDATA[Digo yo que habra datos mejores que ese, no?		]]></document>
	<document><![CDATA[Alguno de mis contactos ha ido a la #CPEurope? Lo digo porque el jueves por la tarde podría acercarme y tomar un coffee.		]]></document>
	<document><![CDATA[@username pensa q si l'hagueres batejat en botella de cava tindries el mateix.		]]></document>
	<document><![CDATA[@username si es nomes una ralleta amb la crema se'n va. En serio.		]]></document>
	<document><![CDATA[@username tot fora una rascaeta al cotxe! Ja voras com la 2a pica menys ;) anims!		]]></document>
	<document><![CDATA[By @username: Facebook para freelancers (III): 7 pautas para potenciar el engagement http://t.co/q1THJ4AjB2		]]></document>
	<document><![CDATA[Por qué te conviene publicar más imágenes en Twitter http://t.co/j1xNPxtmfk vía @username		]]></document>
	<document><![CDATA[@username pero 'casa', hogar, no es donde uno se siente confortable y seguro?		]]></document>
	<document><![CDATA[4 trucos para aumentar la conversión de tus emails http://t.co/XfgEhSXhLb by @username via @username		]]></document>
	<document><![CDATA[@username Yo debo ser un desarraigado pues :D  Encantado de conocerte.		]]></document>
	<document><![CDATA[@username habia leido comentarios sobre tu optimismo, pero ahora lo compruebo. Bueno, es una forma positiva de mirarlo. Bon dia!  ;-)		]]></document>
	<document><![CDATA[@username 6 an~os expatriado (2001-2007), vuelta a Espan~a (2007-2012); ahora casi un an~o en Londres.		]]></document>
	<document><![CDATA[@username si si, solo estaba reescribiendo el dicho		]]></document>
	<document><![CDATA[By @username: 4 trucos para aumentar la conversión de tus emails http://t.co/GrFrZxhZwr		]]></document>
	<document><![CDATA[@username avanzando y mejorando la metodologia de #smroi :) hey, enhorabuena x el post!		]]></document>
	<document><![CDATA[¿Puede el uso de facebook predecir el éxito en el trabajo? http://t.co/MeoISxt6PY		]]></document>
	<document><![CDATA[Cómo influyen los social media en la cadena de valor de tu empresa  via @username http://t.co/hCdaDP3NG1		]]></document>
	<document><![CDATA[@username @username el que no corre... tuitea. La crisis hace perder las formas. Si es que alguna vez las hubo.		]]></document>
	<document><![CDATA[@username y a todo esto, tienes web? Jajajja es broma! LoL		]]></document>
	<document><![CDATA[Ejemplo de cómo calcular escenarios de ROI. http://t.co/tO5uTBzw08		]]></document>
	<document><![CDATA[Ejemplo de curvas de ROI para los escenarios simulados. http://t.co/cqwfHuZoDw		]]></document>
	<document><![CDATA[@username hace tiempo salieron en un documental		]]></document>
	<document><![CDATA[@username no es que sean religiosos y crean en el proposito de enmienda, no? :(		]]></document>
	<document><![CDATA[@username @username antes y despues... Solo que despues es ahora, y es antes. Cuestame is now!		]]></document>
	<document><![CDATA[¿Quieres saber cómo desarrollar tu estrategia digital? -> I Congreso Online de Social Media Marketing via @username...		]]></document>
	<document><![CDATA[@username noviembre http://t.co/ApOVK1MfQ5 ;)		]]></document>
	<document><![CDATA[@username cony! Ja es divendres?		]]></document>
	<document><![CDATA[@username es que pasan los dias que ni uno se entera. Buen viernes de todos modos #FF		]]></document>
	<document><![CDATA[Amigos de Latinoamérica, ¿os vais a perder el I Congreso Online de #SocialMediaMarketing http://t.co/mRomuSYurc de @username?		]]></document>
	<document><![CDATA[Noviembre 2013: no te pierdas el Congreso Online de Social Media Marketing http://t.co/mRomuSYurc #España #LATAM via @username		]]></document>
	<document><![CDATA[RT @username "Pues eso... u?n? EL Congreso Online sobre Social Media Marketing :)   … http://t.co/21vzdProzh" http://t.co/LFH2RkWJB7		]]></document>
	<document><![CDATA[Noviembre 2013: no te pierdas el Congreso Online de Social Media Marketing http://t.co/mRomuSYurc #España #LATAM via @username		]]></document>
	<document><![CDATA[@username fijate que tambien es aplicable a Twitter (este twit no fue editado ni tadre en responder jajaja) ;)		]]></document>
	<document><![CDATA[@username @username 'pa cagarse' (en catalan occidental). Por cierto, donde queda 'Madid' (sic)?		]]></document>
	<document><![CDATA[@username @username broma facil es que los pensionistas no tienen enchufe.		]]></document>
	<document><![CDATA[5 razones por las que tu cliente esperará que lo atiendas online http://t.co/32BdVcwYmc via @username		]]></document>
	<document><![CDATA[@username jajaja no volies cotxe? Paciencia!		]]></document>
	<document><![CDATA[@username pero a que no te hace el cafe como mi @username? :) buen dia!		]]></document>
	<document><![CDATA[@username por el co-caballo?		]]></document>
	<document><![CDATA[@username eso pensaba yo. Ahi no arde ni con gasolina. Sociedad anestesiada.		]]></document>
	<document><![CDATA[@username eh, hoy si me habia enterado...  Buen viernes!		]]></document>
	<document><![CDATA[@username :D  yo ya casi voy a por el segundo!		]]></document>
	<document><![CDATA[RT @username: Reputación online, monitorización y Escucha Activa http://t.co/G9ZSt29oj8		]]></document>
	<document><![CDATA[@username 1 si, 9 hacen RT o copian, 90... Es que hay gente aburrida en viernes tarde.		]]></document>
	<document><![CDATA[¿Nos vemos este noviembre? http://t.co/mRomuSYurc Congreso Online #SocialMediaMarketing		]]></document>
	<document><![CDATA[¿Cuál es tu valor en Social Media? Descúbrelo este Noviembre http://t.co/mRomuSYurc #SocialMediaMarketing http://t.co/OvcWhP0TG3 (10% dto.)		]]></document>
	<document><![CDATA[@username creo que confundes casos especificos con la regla.		]]></document>
	<document><![CDATA[@username quien 'acido'? Jose Antonio, creo que esta OM tendra mas repercusion que la Ley de Emprendedores :(		]]></document>
	<document><![CDATA[Topicazo: niebla en Londres.		]]></document>
	<document><![CDATA[Mi nuevo post en @username: 5 herramientas para mejorar tu Social Media ROI http://t.co/soItqPt33C		]]></document>
	<document><![CDATA[¿Cuál es tu valor en Social Media? Descúbrelo este Noviembre http://t.co/mRomuSYurc #SocialMediaMarketing http://t.co/OvcWhP0TG3 (10% dto.)		]]></document>
	<document><![CDATA[@username siguiendo este enlace http://t.co/mRomuSYurc		]]></document>
	<document><![CDATA[@username ufff filosofía de la ciencia... m da grima. Se m da mal debatir c/filosofo. Vale qno sea ciencia dura, xo s loq tiene ser humano!		]]></document>
	<document><![CDATA[@username de todos modos, yo siempre me considerare un científico ;-)		]]></document>
	<document><![CDATA[¿Cuál es tu valor en Social Media? Descúbrelo este Noviembre (10% dto.)  http://t.co/mRomuSYurc #SocialMediaMarketing http://t.co/OvcWhP0TG3		]]></document>
	<document><![CDATA[Coño, es miércoles! @username y va en serio :(		]]></document>
	<document><![CDATA[RT @username: Paga lo que consideres, nueva experiencia en el Teatre Talía d Valencia
http://t.co/URSwJdDFAp... http://t.co/iKxPv9XVtr		]]></document>
	<document><![CDATA[@username buah, la que habéis liado; duelo de titanes... Aunque ahora pienso que la papiroflexia es una ciencia (porque es matemática).		]]></document>
	<document><![CDATA[@username pues cuando llenéis cupo nos enviais unos pocos cc @username		]]></document>
	<document><![CDATA[@username el estado de derecho se unio y la tuna; nunca se graduara!		]]></document>
	<document><![CDATA[@username @username @username @username @username y ellos lo saben? Jajaja #FF		]]></document>
	<document><![CDATA[IBM lanza aplicación "caza talentos" - http://t.co/KRQ2pfnP8A		]]></document>
	<document><![CDATA[El Grupo Cegos busca talento para su proyecto en España. http://t.co/XvZMgkR2eh		]]></document>
	<document><![CDATA[El 70% de empresas españolas han ampliado sus departamentos de Comunicación con perfiles relacionados con redes sociales y marketing...		]]></document>
	<document><![CDATA[Si son malos tiempos para la lirica por que no te pasas a la prosa?		]]></document>
	<document><![CDATA[Gracias a @username, tus archivos siempre estarán contigo cuando los necesites. Regístrate para crear cuenta gratuita https://t.co/eHAOOZ8HYf		]]></document>
	<document><![CDATA[Pues eso... u?n? EL Congreso Online sobre Social Media Marketing :)  http://t.co/mRomuSYurc http://t.co/21vzdProzh		]]></document>
	<document><![CDATA[@username la ESO, que ha hecho mucho danyo. Igual que el discurso 'estudia y seras alguien' :(		]]></document>
	<document><![CDATA[@username que miope eres, esta arreglado: mejores datos desde 2007. Ya puede jubilarse tranquilo.		]]></document>
	<document><![CDATA[¿Quién va a ganar esta liga? Una de predicciones http://t.co/AuoQOybfpN via @username		]]></document>
	<document><![CDATA[@username @username pues nada, tiraremos dinero! Si estas en #RRSS por negocio, debes tener objetivos de negocio; si no, es hobby.		]]></document>
	<document><![CDATA[Hay gente cuyo #SocialMediaROI proviene del mero hecho del placer humano. 8)		]]></document>
	<document><![CDATA[(cont.) las relaciones, la propia conversacion, estrechar lazos... #smroi		]]></document>
	<document><![CDATA[(cont.) pero si eres un negocio, mejor centrate en el beneficio sostenible #smroi		]]></document>
	<document><![CDATA[@username todo es medible; lo que cambia es la precisión de la medición. Por otro lado, medir 'followers' no es ambiguo también?		]]></document>
	<document><![CDATA[Cómo seleccionar una plataforma de desarrollo para un proyecto web http://t.co/erZBKEOkQO		]]></document>
	<document><![CDATA[@username si perdona. O mediante testeo de conversiones, o metodo valoracion contingente.		]]></document>
	<document><![CDATA[@username en Android yo he programado Punto Muerto y Z-score de Altman -> http://t.co/OWHoJg2gDl		]]></document>
	<document><![CDATA[@username @username francotirador del empleo :)		]]></document>
	<document><![CDATA[@username pues va a ser que no ho celebrare :(		]]></document>
	<document><![CDATA[Más de 25 ponentes en el 1er Congreso de Marketing Online [10% DESCUENTO]" http://t.co/wozHvnUk0G http://t.co/bi8buCitKQ		]]></document>
	<document><![CDATA[Frio de cojones este morning!		]]></document>
	<document><![CDATA[Más de 25 ponentes en el 1er Congreso de Marketing Online [10% DESCUENTO]" http://t.co/2A4kxikoke http://t.co/bi8buCitKQ		]]></document>
	<document><![CDATA[@username extraño, pero en vuestra nueva página de LinkedIn (Universidades) tengo permisos de Administrador. La habéis solicitado?		]]></document>
	<document><![CDATA[RT @username: "Más de cinco años enseñando a hablar en público y nadie me ha pedido que le enseñe a escuchar en público"...		]]></document>
	<document><![CDATA[@username tu tranquilo que yo te sigo gratis jaajaja A ver como evoluciona el pique...		]]></document>
	<document><![CDATA[@username lo mismo le pasa a 'crisis' :(		]]></document>
	<document><![CDATA[El fondo Cerberus no seria el mismo si se hubiera llamado Pippin!		]]></document>
	<document><![CDATA[By @username: Cómo utilizar Twitter para tu estrategia de Social Media: 5 casos de éxito en los #TAW2013 http://t.co/NEqx9pAOQJ		]]></document>
	<document><![CDATA[@username lo mismo les pasa a los Inmaculados :(		]]></document>
	<document><![CDATA[.@username @username vaya, como aqui no se celebra la Hispanidad! Felicidades Esteban!		]]></document>
	<document><![CDATA[@username mas la cuota empresaria de la seguridad social!		]]></document>
	<document><![CDATA[@username cuenta cuenta! >:D		]]></document>
	<document><![CDATA[@username si además pasará como en mi ciudad de origen que se conocen todos!		]]></document>
	<document><![CDATA[@username veig que estas disfrutant del congres! Ja has parlat de @username ?#jvdoc13		]]></document>
</author>