<?xml version="1.0" encoding="UTF-8" standalone="no"?><author id="485059db-4438-41f7-8d58-c8b9de5c391c" lang="es">
	<document><![CDATA[@username la aceituna va bien. Que sepas que vas a ir al infierno :)		]]></document>
	<document><![CDATA[@username en el infierno apañaremos una buena panza cervecera :)		]]></document>
	<document><![CDATA[Me encantan los twitteros políticos de cinco meses		]]></document>
	<document><![CDATA[Hoy bajo a la universidad en un autobús taxi. Un urbano para mi solo		]]></document>
	<document><![CDATA[@username yo es que eso de compartir autobús ya no me gusta. Ya cojo urbanos que solo vayan solos :)		]]></document>
	<document><![CDATA[@username exacto, que no quiero ver desde dentro como se caen las farolas		]]></document>
	<document><![CDATA[@username es más fácil la supresión de las autonomías que ese engendro.		]]></document>
	<document><![CDATA[@username fíjate, que prefieren que Griñan y Chaves queden como gestores que no conocen que hacen sus subordinados antes de citarlos		]]></document>
	<document><![CDATA[Hoy me va a perdonar la desambiguación de palabras, pero es que juega España. Luego se seguirá		]]></document>
	<document><![CDATA[Los jugadores de la selección han aprendido a chutar. Les ha costado, pero lo han conseguido		]]></document>
	<document><![CDATA[@username poco a poco. Eso para el siguiente partido		]]></document>
	<document><![CDATA[@username eso es más psicológico, decidles tanto "los bajitos" les ha afectado		]]></document>
	<document><![CDATA[Dedicado a los jugadores de la selección: los goles de puntera también valen		]]></document>
	<document><![CDATA[@username mas de 30 años sufriendo socialismo. Yo tengo 25 años y no he conocido otra cosa. Han destrozado una tierra maravillosa		]]></document>
	<document><![CDATA[7 regiones españolas van a tener más difícil financiarse, Moody's les ha rebajado el rating http://t.co/zNOfeDif		]]></document>
	<document><![CDATA[@username antes se debe reformar la administración: Empresas públicas y fundaciones estatales y regionales deben cerrarse		]]></document>
	<document><![CDATA[@username las fundaciones y empresas públicas son agencias de colocación. Su trabajo lo hacían y pueden hacerlo ahora los funcionarios		]]></document>
	<document><![CDATA[Tengo que aplicarme que este documental no me lo puedo perder http://t.co/u29LBzDo #LET		]]></document>
	<document><![CDATA[Después de ver el trailer me convenzo, tengo que aplicarme y sacar tiempo http://t.co/cva7LvAi		]]></document>
	<document><![CDATA[Mas d un millón de euros tiene de deuda el PSOE local de #Jaén http://t.co/izWSWViV Ni su propio dinero saben gestionar, así han dejado Jaén		]]></document>
	<document><![CDATA[Como siempre el resumen de la semana política de @username y @username muy bueno. http://t.co/l30inhPo http://t.co/RYGJuyls		]]></document>
	<document><![CDATA[ZP vuelve. España sufriría menos si hubiera ahorrado más http://t.co/zoSbX6Y9 Tendrá cara, pero si él ha sido el que se lo ha gastado todo		]]></document>
	<document><![CDATA[Terminada una tarea importante, empieza el descanso del sábado		]]></document>
	<document><![CDATA[@username a veces te pones muy exigente :)		]]></document>
	<document><![CDATA[@username ojalá los pusiera, pero todavía me queda muchísimo para ser profe, si lo soy alguna vez		]]></document>
	<document><![CDATA[Hoy los griegos deciden nuestro futuro. Esto es lo que pasa cuando nos endeudamos, que nuestro futuro depende de otros		]]></document>
	<document><![CDATA[Análisis de Jesús Cacho http://t.co/uSfJcqJH O cumplimos con el déficit, o... mejor que cumplamos		]]></document>
	<document><![CDATA[Me acuerdo cuando Divar fue propuesto por Zapatero, que F. Jiménez Los Santos decía "Diiivar te vas a condenar". Pues se ha condenado		]]></document>
	<document><![CDATA[@username @username no es despeinado, es un look casual :)		]]></document>
	<document><![CDATA[@username @username @username para que veáis la defensora que tengo. Cuidado conmigo		]]></document>
	<document><![CDATA[Las encuestas dan empate técnico en Grecia. A que tienen otra vez elecciones dentro de un mes		]]></document>
	<document><![CDATA[@username ¿y cómo hay personas como usted que tienen un discurso del s. XIX? Eso sí que es raro		]]></document>
	<document><![CDATA[@username antes de ir a una manifestación contra la administración paralela de la J. de #Andalucía, hable con su partido que la apoya		]]></document>
	<document><![CDATA[@username y ha perdurado porque teóricamente no cree en clases, defendiendo solo la libertad entre individuos		]]></document>
	<document><![CDATA[Después de darle una oportunidad de una hora a Krita, lo desinstalo. Buena interfaz, opciones útiles, pero le falta aún mucho desarrollo		]]></document>
	<document><![CDATA[@username @username pues a la pobre la has liado, ya estaba memorizando la diferencia.		]]></document>
	<document><![CDATA[@username @username se lo tengo dicho. Que en lugar de tanto tuenti, que vea una serie en inglés. Pero todavía no me ha hecho caso		]]></document>
	<document><![CDATA[@username ánimo!!! Yo ya tengo la noche reservada para la celebración fin con éxito de exámenes :) así que ánimo		]]></document>
	<document><![CDATA[@username perfecto :)		]]></document>
	<document><![CDATA[Maldita cuenta atrás de las actualizaciones de Windows, dejas de mirar la pantalla, y cuando levantas la cabeza, zas la cuenta ha acabado		]]></document>
	<document><![CDATA[De la UJA a la casa a ver España		]]></document>
	<document><![CDATA[@username creo que deshabilitando las actualizaciones. Esto me pasa por usar Linux y Windows de muy de vez en cuando		]]></document>
	<document><![CDATA[@username no, yo trabajo con kubuntu (linux)		]]></document>
	<document><![CDATA[El mejor artículo científico que he leído hasta ahora. Método explicado paso a paso, y una experimentación sencilla http://t.co/celvMh4u		]]></document>
	<document><![CDATA[@username sssshhh, que los ing. informáticos nos tenemos que ganar la vida de alguna forma		]]></document>
	<document><![CDATA[@username @username si fueran solo para publicidad podríamos estar tranquilos. Con todos esos datos se pueden hacer barbaridades		]]></document>
	<document><![CDATA[@username @username todos los días estudio sobre cómo extraer conocimiento solo con lo que se escribe, y eso solo es 1 pequeña parte		]]></document>
	<document><![CDATA[@username @username amen luisk, me estás leyendo el pensamiento		]]></document>
	<document><![CDATA[@username eso aplícate que tienes verano. También puedes poner la tele en inglés. Las películas de la Sexta3 las puedes poner en inglés		]]></document>
	<document><![CDATA[Hoy el Constitucional ha hecho felices a los terroristas, vergonzoso. Un día son capaces de declarar inconstitucional la propia Constitución		]]></document>
	<document><![CDATA[Más socialistas imputados en el #fondodereptiles http://t.co/pZD4ihCr y Manolo Recio con posibilidades de ser el siguiente.		]]></document>
	<document><![CDATA[Python en una línea tira a la basura media asignatura de Estructura de Datos 2 (estructuras de ficheros) #inginformatica		]]></document>
	<document><![CDATA[@username todavía hay esperanza en la nación de la piel de toro. Cómo se nota que estás en Cádiz, china del liberalismo español		]]></document>
	<document><![CDATA[@username el tipo de dato shelves crea ficheros de índices en una línea de código, aquella práctica que tuve menos nota por tu culpa		]]></document>
	<document><![CDATA[Las expresiones regulares son muy grandes. Me acaban de salvar, pues a casa.		]]></document>
	<document><![CDATA[Interesante propuesta de Vidal-Cuadras Ortega Lara y Santiago Abascal http://t.co/aIFbDuHt		]]></document>
	<document><![CDATA[Que un bloqueo inesperado de linux te estropee un super-correo, no tiene precio. Me cago en to...		]]></document>
	<document><![CDATA[Bendito sea el guardado automático de gmail por los siglos de los siglos.		]]></document>
	<document><![CDATA[Hasta la UE se da cuenta de los mejunjes de la J. de #Andalucía, suspendidos F. Feder y Sociales. 1000 millons perdidos http://t.co/xp1kCmzJ		]]></document>
	<document><![CDATA[Plan d reajuste de #Andalucía = 2300 mill. #fondodereptiles = 1000 mill (hasta ahora) + 1000 mill europeos perdidos = 2000 mill. Todo dicho.		]]></document>
	<document><![CDATA[A veces me gustaría que el "estado del arte" parara un poco. Todo avanza demasiado rápido bufff		]]></document>
	<document><![CDATA[Hoy me pierdo el partido Austeridad vs Despilfarro, porque la señorita @username se gradúa y eso sí que no me lo puedo perder.		]]></document>
	<document><![CDATA[Un #ff para @username por su graduación. Enhorabuena, te mereces las pedazo de notas por tu trabajo durante el año.		]]></document>
	<document><![CDATA[@username cuando me dijo el día lo primero qué miré fue el calendario de la eurocopa, y respiré		]]></document>
	<document><![CDATA[La señorita @username ya deja Carmelitas, ahora le toca bachiller http://t.co/O9tqkk4t		]]></document>
	<document><![CDATA[Hay pocas películas cómo la lista de Shildler. Impresionante		]]></document>
	<document><![CDATA[Hoy se cumplen 100 años del nacimiento de Alan Turing, el padre de Informática moderna. Google lo celebra con un bonito doodle		]]></document>
	<document><![CDATA[¿Algún diccionario de jerga web en español al estilo de http://t.co/zT8XB4Sk o http://t.co/ouLXUCit pero que no sea http://t.co/SaCRANVu ?		]]></document>
	<document><![CDATA[@username no solo eso. Se le considera el padre de la Informática moderna. No olvide tampoco la máquina de Turing		]]></document>
	<document><![CDATA[@username si, pero Turing no solo se quedó en descifrar Enigma, se le reconoce por otros aportes a la Informática, p. ej. l máquina de Turing		]]></document>
	<document><![CDATA[@username un poco sobre la máquina de Turing http://t.co/e9wskJ3w además el secreto de Enigma fue descubierto antes por matemáticos polacos		]]></document>
	<document><![CDATA[@username en Criptografía y Seguridad en Computadores de @username cap. 9 se relata toda la historia desde el autor "Scherbius" hasta su uso..		]]></document>
	<document><![CDATA[@username su uso por España hasta los años 50. Le recomiendo su lectura.		]]></document>
	<document><![CDATA[@username deja el twitter y atiende a lo que hay q atender. La deshidratación tiene fácil solución, y un hombre que aguanta paredes la conoce		]]></document>
	<document><![CDATA[A jugar sin delantero. Bufff a sufrir a por un 1-0. Objetivo: bar fresquito y con cerveza fresquita para el sufrimiento		]]></document>
	<document><![CDATA[Fin por hoy de Sentiment Analysis on Twitter, y comienza la preparación de los cuartos.		]]></document>
	<document><![CDATA[En el Azulejo nos están aplicando un JavalV, apagar el aire condicionado y poner rosetas muy saladas		]]></document>
	<document><![CDATA[Donde están los guiñoles lololo lolo...		]]></document>
	<document><![CDATA[Es muy triste ojear el Diario Jaén y no ver ninguna noticia relevante, simplemente no hay noticias		]]></document>
	<document><![CDATA[@username no ha habido más remedio que bendecirlo		]]></document>
	<document><![CDATA[Con treinta grados y el autobús de castillo sin aire acondicionado, el infierno		]]></document>
	<document><![CDATA[@username pero no puedo hacer nada		]]></document>
	<document><![CDATA[@username por supuesto, suerte para el último de junio		]]></document>
	<document><![CDATA[Los de UPyD no saben lo que hacer para salir en el periódico. Ya proponen medidas que están en estudio por el gobierno.		]]></document>
	<document><![CDATA[@username cuando no se tiene que perder nada, uno puede decir cualquier cosa		]]></document>
	<document><![CDATA[@username no se en Madrid pero en Jaén estamos ahora a 40,1º		]]></document>
	<document><![CDATA[@username sería una buena idea para un artículo exponer su posición contraria a Reconversión		]]></document>
	<document><![CDATA[@username estoy a favor de Reconversión, porque nunca le he visto utilidad a las CCAA, pero ahora no podemos entrar en 1 proceso consti.		]]></document>
	<document><![CDATA[@username habría que aprovechar las siguientes elecciones para plantear lo que propone Reconversión. Las Autonomías han fracasado		]]></document>
	<document><![CDATA[python poquito a poco. XML to CSV totalmente genérico hecho.		]]></document>
	<document><![CDATA[Yo no tengo dudas, yo estoy a favor de @username http://t.co/KgD6VTdr #reconversion		]]></document>
	<document><![CDATA[mañana más, adiós.		]]></document>
	<document><![CDATA[Creo que los autobuses de Jaén están experimentando cuál es la temperatura máxima que puede soportar una persona		]]></document>
	<document><![CDATA[@username el problema no es el cromosoma Y, es de la cabeza de abajo que siempre espera una contraprestación :)		]]></document>
	<document><![CDATA[@username entonces estás hecho un autentico señor		]]></document>
	<document><![CDATA[@username eso es una tortura china		]]></document>
	<document><![CDATA[¿Qué pensaría Lenin, Stalin o Mao de esto? http://t.co/0FMPjfY5		]]></document>
	<document><![CDATA[@username del corte inglés, verdaderos verdaderos		]]></document>
	<document><![CDATA[Mejor jugador de España hasta ahora Jordi Alba		]]></document>
	<document><![CDATA[España jugando cansada en la final. Ahora a jugarla contra Alemania, ganarles y decirles: os ganamos hasta acostados		]]></document>
</author>