<?xml version="1.0" encoding="UTF-8" standalone="no"?><author id="6705c13d-0b01-4d63-9011-3c9892f9388e" lang="es">
	<document><![CDATA[“@username: Me reuní con el Consejo Nacional contra las Adicciones. [...] ” / Por ahí hubieran empezado...		]]></document>
	<document><![CDATA[¿Para qué tuitea links el @username si te va a pedir password para entrar? Nomás avísen...		]]></document>
	<document><![CDATA[@username ¿en la cd? o ¿en el aeropuerto? si vas a la cd. El Cardenal muy bueno...		]]></document>
	<document><![CDATA[Madonna: Yo ni quería... como quiera gané. #GoldenGlobes		]]></document>
	<document><![CDATA[El domingo es, no importa dónde se meta uno.		]]></document>
	<document><![CDATA[Nomás en México el de atrás cree que tiene el derecho de pasar primero que el de frente. #tratadebajartedelpinchecamión		]]></document>
	<document><![CDATA[De que gooeey, nomás faltaba @username en la mesa de alado...		]]></document>
	<document><![CDATA[¿Hablará muy mal de uno leer por morbo a las mujeres que escriben hoy en opinión de El Norte?		]]></document>
	<document><![CDATA[El tema, tres veces: el destape de los hijos de PeñaNieto.		]]></document>
	<document><![CDATA[Eufemismo sin desperdicio: “[…] que políticos mexicanos tengan […] una catedral con varias capillitas no es insólito.”		]]></document>
	<document><![CDATA[Malo: rentar película en @username, pedir pizza, ponerle chile seco con las manos, llorar, secarte las lágrimas con los dedos.		]]></document>
	<document><![CDATA[Ora gente, que si Madonna esto, que si Madonna lotro.		]]></document>
	<document><![CDATA[Ugo sin H va a venir a representar la prueba máxima de resistencia de clase para los sampetrinos. #primeromuertosquedeotrocodigopostal		]]></document>
	<document><![CDATA[Dale con los anuncios de radio. Si llegara un alien a México, igual pensaba que llegó a Dinamarca.		]]></document>
	<document><![CDATA[@username talvez en el Casa Grande ¿?		]]></document>
	<document><![CDATA[Aijos, y eso que no tenía consola pa practicar: Todo por un PlayStation… niño de 4 años mata a su padre http://t.co/63TDMLIu @username		]]></document>
	<document><![CDATA[@username y: "El papá de él tuvo 11 hijos en tres partos." ¿Y la mamá? ahí ni se acuerden, alcabo nomás fueron 3 partos.		]]></document>
	<document><![CDATA[Hoy, como anuncio de Josefina: ir y venir, subir y bajar, nuuuuuunca parar.		]]></document>
	<document><![CDATA[En la compra de un helado hipercalórico te llevas un pan sin trigo ni grasa ni calorías... http://t.co/OaUj8Xl7		]]></document>
	<document><![CDATA[Y ni modo de saltar pafuera: @username: Arma AMLO mitin ¡en avión!  http://t.co/12wbiL6J		]]></document>
	<document><![CDATA[Ah, el poder de la paraestatal sobre de uno...		]]></document>
	<document><![CDATA[@username también cuando lo aplican a grupos de estudiantes: "ellos saben porque están "educados", no son cualquier grupo"...		]]></document>
	<document><![CDATA[Oscilando entre el mutismo y la cantinfleada.		]]></document>
	<document><![CDATA[Y dale AMLO con el haber. Habrá esto, va a haber lo otro. Ni que fuera kermés.		]]></document>
	<document><![CDATA[Esperanza http://t.co/0xeMvVPS		]]></document>
	<document><![CDATA[Amigos que te ven en la calle y no se ofrecen a llevarte.		]]></document>
	<document><![CDATA[Esas palabras que te piden que copies para ver si eres humano a la hora de ingresar un password ya parecen acertijos.		]]></document>
	<document><![CDATA[Pensándolo bien, ahí mejor me despiertan en 6 años.		]]></document>
	<document><![CDATA[Noticia lo que debiera no/ @username: Reporta NL saldo blanco  http://t.co/a5ZLcXIa		]]></document>
	<document><![CDATA[@username hubiéras mandado a tu chofer a que te llevara las boletas a tu casa...		]]></document>
	<document><![CDATA[La conferencia de prensa de AMLO parece acto de campaña con esa porra.		]]></document>
	<document><![CDATA[@username así es, sonaba a lo mismo que cuando estaba en campaña.		]]></document>
	<document><![CDATA[@username @username @username ps sí... tú, cuándo vienes?		]]></document>
	<document><![CDATA[@username muy bueno!		]]></document>
	<document><![CDATA[Estoy considerando convertirme en troll de profesión.		]]></document>
	<document><![CDATA[@username al menos la confusión es nomás d letras, viste que venden el rabo del hinojo con etiqueta de eneldo? probs. del 1er mundo...		]]></document>
	<document><![CDATA[Mentes barrocas las que concibieron la vialidad post-Alex en Monterrey.		]]></document>
	<document><![CDATA[5. Sept.- Primer avistamiento de un pino de Navidad.		]]></document>
	<document><![CDATA[@username en efecto! pero mientras tengas el carrito adentro de tu casa y no tu casa en el carrito, ya vas ganona!		]]></document>
	<document><![CDATA[@username pos aquí hemos de estar peor, pero eso no sería ninguna novedad, ¿vd.?		]]></document>
	<document><![CDATA[@username qué buen sábado!		]]></document>
	<document><![CDATA[El lado bueno de prestar un libro es que te lo regresen con algo adentro.		]]></document>
	<document><![CDATA[Ay dios, ¿en qué momento se le hace a uno buena idea seguirse quedando en la fiesta?		]]></document>
	<document><![CDATA[De entre todos los tipos de esnobismo, creo que el de los empleados de tienda de diseñador - hacia los clientes - es el peor.		]]></document>
	<document><![CDATA[@username miseria y sufrimiento en la pantalla? o miseria y sufrimiento tuyos?		]]></document>
	<document><![CDATA[Dice @username que los estudiantes de Harvard le dijeron a Calderón que "You are not welcomed". Ora resulta que no hablan inglés.		]]></document>
	<document><![CDATA[También dice @username que "¿Cómo decirle al rector de la Kennedy School que...", como si el señor no leyera los periódicos.		]]></document>
	<document><![CDATA[Como muchas veces en México, se debate no sobre el punto central, sino alrededor de éste, el cual acaba anca su madre.		]]></document>
	<document><![CDATA[@username toma más para que se te quite la culpa por completo.		]]></document>
	<document><![CDATA[Amour debería de estar catalogada como película de terror.		]]></document>
	<document><![CDATA[@username ora se tiene que poner a tener más para pagar la fianza...		]]></document>
	<document><![CDATA[Esa gente que anda "high on life", qué mal cae. Uno con sus problemas...		]]></document>
	<document><![CDATA[Y sus adicciones...		]]></document>
	<document><![CDATA[@username posible nombre para el programa: La voz de Martha		]]></document>
	<document><![CDATA[Poco duró el alivio de no verlo embalsamado: @username: Señal del Apocalipsis. http://t.co/LlFohi79bi …		]]></document>
	<document><![CDATA[Nuevo parámetro de medición de sueldo: más o menos que el chofer de Romero Deschamps.		]]></document>
	<document><![CDATA[Como si faltara más, cocodrilos: @username: Muere niño de 10 años por ataque de cocodrilo en Oaxaca http://t.co/FyVJpghQNo		]]></document>
	<document><![CDATA[@username es decir, así: http://t.co/PJd5YQl37W		]]></document>
	<document><![CDATA[¿Les daría flojera desgarrapatar a los perros? http://t.co/GheFmniRdJ		]]></document>
	<document><![CDATA[@username ya te perdimos a la costa		]]></document>
	<document><![CDATA[@username qué fueron, flores?		]]></document>
	<document><![CDATA[Esperanzas de vida, nulas. http://t.co/BmsMcNqN8v		]]></document>
	<document><![CDATA[@username Pos yo no sé, pero avísen antes de poner estas imágenes...		]]></document>
	<document><![CDATA[@username jaja probs del 1er mundo		]]></document>
	<document><![CDATA[México le mata el espíritu a cualquiera.		]]></document>
	<document><![CDATA[Ps al cabo qué: @username Mexicanos son felices pese a pobreza y desempleo: OCDE  http://t.co/upvbK7P4kG		]]></document>
	<document><![CDATA[Mayo 7.- Primer avistamiento de Denisse de Kalafe en medios.		]]></document>
	<document><![CDATA[No se encuentran aguacates mexicanos en el supermercado, pero qué tal esto. Nombre. cc @username http://t.co/ufjXvRByUC		]]></document>
	<document><![CDATA[Ok, está bueno. http://t.co/9Xw3M71cxN		]]></document>
	<document><![CDATA[En conversa telefónica con el empleado del banco, me dice: para verificar, ya por último y con todo respeto, le pido su año de nacimiento...		]]></document>
	<document><![CDATA[Indicativo de que no tienes remedio: cuando el tema de discusión no son las noticias, sino la sección de comida del periódico.		]]></document>
	<document><![CDATA[No sabía que @username era compatriota. Y todos peleándose por Lupita Nyongo. http://t.co/alAUtwpcSN		]]></document>
	<document><![CDATA[Margarita Arellanes se ve como la persona que más se está divirtiendo en el área metro de Mty #seaburrenporquequieren		]]></document>
	<document><![CDATA[Entonces cuando perdemos es porque no estamos unidos, o qué. http://t.co/mEw3MQdPTS		]]></document>
	<document><![CDATA[Ahora no se oye el tren, pero especular si ya pasó o apenas viene es igual de tormentoso que oirlo.		]]></document>
	<document><![CDATA[Irónico que la bandera de Brasil diga Orden y Progreso, cuando menos la nuestra tuvo la decencia de no decir nada.		]]></document>
	<document><![CDATA[Ahí les encargo mañana en la mañana.		]]></document>
	<document><![CDATA[Rusos en México comen carnitas y visten Prada: http://t.co/kdlOrTL7gT / Pos si le siguen con las carnitas, ¿cuál Prada?		]]></document>
	<document><![CDATA[Y todavía explican, como si hubiera alguien que no supiera. "El domingo pasado..." http://t.co/ly7flXGE5h		]]></document>
	<document><![CDATA[Somos menos los sensatos. Ahí perdonen.		]]></document>
	<document><![CDATA[Fauna hotelera perecida anoche a las hojas del abanico. http://t.co/SnbHc0Oorb		]]></document>
	<document><![CDATA[@username oaxaqueña!		]]></document>
	<document><![CDATA[El pito del tren nos une. #Monterrey		]]></document>
	<document><![CDATA[Acerca del Ice Bucket Challenge o Cómo perder admiradores con un video.		]]></document>
	<document><![CDATA["Aléjate de garrapatitas energéticas" -Frases de la radio local		]]></document>
	<document><![CDATA[San Pedro Garza García http://t.co/V9Cpze7inL		]]></document>
	<document><![CDATA[Se le hace la lucha: http://t.co/UM6hAJmS1R		]]></document>
	<document><![CDATA[Falta ver lo del aeropuerto hasta que estén inventariadas las goteras.		]]></document>
	<document><![CDATA[Para aquellos que requieran de contexto: http://t.co/QSYABSmq4D		]]></document>
	<document><![CDATA[María Julia en defensa de nuestro "lábano patrio".
#afrentas		]]></document>
	<document><![CDATA[@username lo bueno es que no estás en México, si no estarías queriendo el whisky desde las 8am		]]></document>
	<document><![CDATA[@username cuánto TL de insomniaco dejarás vacío por escribir		]]></document>
	<document><![CDATA[@username y la canción asociada al suicidio tenía que aludir al domingo		]]></document>
	<document><![CDATA[@username muy interesante!		]]></document>
	<document><![CDATA[De todo lo que puede caer del aire en un país... http://t.co/nEdekmiwED		]]></document>
	<document><![CDATA[@username En efecto.		]]></document>
</author>