<?xml version="1.0" encoding="UTF-8" standalone="no"?><author id="6aa9fb4a-589c-48e2-a0ec-dfc989bdc117" lang="es">
	<document><![CDATA[No digas no cuando quieres decir si! Y viceversa ;) feliz viernes.		]]></document>
	<document><![CDATA[Se deja de sufrir cuando sueltas: apegos, expectativas y juicios.		]]></document>
	<document><![CDATA[De verdad creen que los regalos materiales pueden compensar la ausencia de un padre? No creo q nada sustituya el amor y la atención!		]]></document>
	<document><![CDATA[Tan sencillo como si hay violencia no es amor. #contralaviolenciadegenero		]]></document>
	<document><![CDATA[...el silencio es la voz del corazón hablando contigo...		]]></document>
	<document><![CDATA[@username Orgullosa de ser amiga de alguien tan talentoso y exitoso. Mi reconocimiento y admiración por tu trabajo y tenacidad. 20aniv!		]]></document>
	<document><![CDATA[Muy cierto a rodearse de gente positiva, que te impulse! http://t.co/vyyaM59DZI		]]></document>
	<document><![CDATA[“@username: #Entérate Taekwondo mexicano se llevó la Copa del Mundo http://t.co/EFTh6a4ETZ”algo de q estar orgullosos		]]></document>
	<document><![CDATA[López Obrador no te cansas?! Esa hambre de poder no tiene fin!		]]></document>
	<document><![CDATA[Sabes cuales son las características en común de personas mentalmente fuertes? 1. No evaden cambios		]]></document>
	<document><![CDATA[2.no pierden tiempo lamentando se por las injusticias vividas 3.no temen tomar riesgos 4.no envidian el éxito ajeno, lo celebran		]]></document>
	<document><![CDATA[5. No se rinden ante un fracaso siguen intentando 6. No se preocupan por complacer a todos 7. No le temen al silencio o a estar solos		]]></document>
	<document><![CDATA[8. No esperan resultados inmediatos...Y tu te consideras mentalmente fuerte?		]]></document>
	<document><![CDATA[Me parece como poco congruente decir que lleva una vida sencilla (andar en tsuru) y atenderse en un hospital q el cataloga como burgués...		]]></document>
	<document><![CDATA[Eso q llamamos intuición...es tu alma, puedes confiar en ella! Me encanto!! http://t.co/gFIDRiJNHe		]]></document>
	<document><![CDATA[Felicidades a una de las mas hermosas parejas que conozco, son gran ejemplo de amor para sus hijos, y para todo aquel que ve como se quieren		]]></document>
	<document><![CDATA[No conozco nada positivo que derive del egoísmo, ustedes si?		]]></document>
	<document><![CDATA[El mundo pierde hoy a un ser humano ejemplar #Mandela Descanse en paz		]]></document>
	<document><![CDATA[@username y como no si fue un verdadero merecedor a un premio Nobel por la paz y líder!		]]></document>
	<document><![CDATA[@username indignante ver secuestros en plena luz del día y tus policías sin hacer nada. Enfócate en la seguridad de tu ciudad!		]]></document>
	<document><![CDATA[Que buena fiesta #Matute gran grupo...que siga la fiesta! http://t.co/oMpI7oDPqt		]]></document>
	<document><![CDATA[16 días para Navidad! Esta es la mejor época del año, me encanta!!!		]]></document>
	<document><![CDATA[“ Porque sí la izquierda tiene gente muy capaz e inteligente está esa mujer tan pelada en el Senado...http://t.co/SdLAfNO5MG”		]]></document>
	<document><![CDATA[“@username:Nada puede detener a alguien con la actitud correcta, y nada puede ayudar a alguien con la equivocada”a elegir la correcta!		]]></document>
	<document><![CDATA[Esto tiene que ser broma Maduro mostrando a Morgan Freeman en vez de Mandela jajaja diganme que no es cierto... http://t.co/gqdbHUMCGH		]]></document>
	<document><![CDATA["El punto de partida de todo logro es el deseo" Napoleón Hill		]]></document>
	<document><![CDATA[@username si lo vi tienes un gran sentido del humor!		]]></document>
	<document><![CDATA[Feliz cumple virgencita, gracias por cuidarme siempre! http://t.co/7y69qxbAPV		]]></document>
	<document><![CDATA[Vuelve Bachelet a la presidencia de Chile!		]]></document>
	<document><![CDATA[@username @username les paso los kleenex ? Jaja ni modo aguilitas. Igual los quiero nos vemos el martes.		]]></document>
	<document><![CDATA[...el recuerdo es el único paraíso del que no pueden expulsarnos...		]]></document>
	<document><![CDATA[“@username: Gracias Afición, gracias jugadores, gracias a todos, hoy somos campeones!!!!” Muy merecido felicidades!		]]></document>
	<document><![CDATA[Ame el comercial...los hijos valen cualquier sacrificio.
Coca-Cola Life - Ser padres: http://t.co/uZ7zZ2Mri1 vía @username		]]></document>
	<document><![CDATA[“@username: Desde ayer, el alcoholímetro en el DF funciona las 24 horas.” Mucho cuidado		]]></document>
	<document><![CDATA[Gran virtud es la gratitud, aplaudo a las personas q saben reconocer los regalos recibidos y expresa ese agradecimiento en palabras y obras.		]]></document>
	<document><![CDATA[Sabes cuales son las características de la gente feliz? Son personas respetuosas, consideradas, tienen una sonrisa muy bonita, adaptables...		]]></document>
	<document><![CDATA[...disfrutan de las cosas pequeñas, son espontáneas, no juzgan y de rodean de gente feliz! Tu eres feliz?		]]></document>
	<document><![CDATA[Aprendiendo con mis colegas Coach ! http://t.co/oeP8wBJn7Z		]]></document>
	<document><![CDATA[Eres de los que cree q la distancia y tiempo cura todo? Yo creo q no hay distancia ni tiempo q pueda cambiar lo q hay en el corazón y alma!		]]></document>
	<document><![CDATA[En actitud de viernes...tus palabras tienen el poder de inspirar y apoyar úsalas! http://t.co/SeE369GLtp		]]></document>
	<document><![CDATA[Cuando no tienes un deseo claro como esperas hacerlo realidad?		]]></document>
	<document><![CDATA[Estas fechas son ideales para hacer un viaje a tu interior! http://t.co/Lej0lDH3XO		]]></document>
	<document><![CDATA[La percepción limita ver la realidad completa.		]]></document>
	<document><![CDATA[Agradezco a Dios q sean parte de mi vida, les deseo una muy feliz Navidad y un 2014 lleno de bendiciones!		]]></document>
	<document><![CDATA[Bendita fecha... http://t.co/Qs3IiwOeAi		]]></document>
	<document><![CDATA[A bajar el pavo que se quedo atorado en mi panza jajaha #ejerciciourgente		]]></document>
	<document><![CDATA[La verdad es q no sabemos q pasara mañana, la vida es un loco camino donde nada esta garantizado. http://t.co/7HefxBiC2T		]]></document>
	<document><![CDATA[Hay q construir relaciones no sólo sobre sus fortalezas también en sus fragilidades...		]]></document>
	<document><![CDATA[Ningún acto de bondad está de más!		]]></document>
	<document><![CDATA[Ojo quien eres se refleja en tu actitud... No en tu ropa ni en cosas materiales #reflexionesenelmar		]]></document>
	<document><![CDATA[Buenas conversaciones, química...con mucha gente pero conexión de almas la has sentido? Yo una vez		]]></document>
	<document><![CDATA[En qué encuentras tu realización?		]]></document>
	<document><![CDATA[Se acerca año nuevo...cuales son tus rituales?		]]></document>
	<document><![CDATA[@username es todo? Eso no parece ritual sino carta a santa claus		]]></document>
	<document><![CDATA[Ya tienen todo lo necesario para recibir el año nuevo?...jajaha http://t.co/NhDomFXPP1		]]></document>
	<document><![CDATA[El mejor antidepresivo es rodearse de buenos amigos...los tienes?		]]></document>
	<document><![CDATA[De qué estás agradecido este año? Qué harás q sea significativo por los demás? #reflexiones		]]></document>
	<document><![CDATA[@username @username @username@username ya están a nada de celebrar el año nuevo en España incluyan visitarme este 2014 los quiero		]]></document>
	<document><![CDATA[2014=365 nuevas oportunidades que emoción!		]]></document>
	<document><![CDATA[Quien quiere crecer no sólo enfrenta los desafíos los busca!		]]></document>
	<document><![CDATA[@username regreso el 4 y te busco para apoyarte en lo q necesites!		]]></document>
	<document><![CDATA[“@username: El buen humor estimula la creatividad, la solidaridad y disminuye la ansiedad. Tu tienes buen humor?”		]]></document>
	<document><![CDATA[@username y la ley de privacidad donde quedo?		]]></document>
	<document><![CDATA[Les recomiendo el libro de CarlosAlberto Montaner "Otra vez adiós" Me encantó, novela histórica muy bien escrita. http://t.co/UuCh5RlKL3		]]></document>
	<document><![CDATA[No tengo miedo de cometer errores, es una manera de aprender y crecer.		]]></document>
	<document><![CDATA[@username que hermosos mis sobrinos son lo máximo!		]]></document>
	<document><![CDATA[A partir rosca, noche de reyes!		]]></document>
	<document><![CDATA[Porque encajar si naciste para destacarte? Dr. Seuss		]]></document>
	<document><![CDATA[Si algún día vamos a ser el recuerdo de alguien, tratemos de q sea bueno...buen martes!		]]></document>
	<document><![CDATA[Se terminaron las fiestasGuadalupe-reyes ahora ponerme a dieta no me preocupa pues seguramente la nueva tabla del ISR ayudará bastante!		]]></document>
	<document><![CDATA[@username muchas gracias, siempre es reconfortante el sentir el cariño de los amigos en estos momentos. Gracias!		]]></document>
	<document><![CDATA[@username @username felicidades por su reconocimiento como mejor all inclusive de Vallarta, Good Job!		]]></document>
	<document><![CDATA[@username gracias!		]]></document>
	<document><![CDATA[...A veces el corazón llora las lágrimas que la mente se niega a reconocer...		]]></document>
	<document><![CDATA[“@username: Nunca crecerás, a menos que trates de hacer algo más allá de aquello que ya has dominado.”		]]></document>
	<document><![CDATA[“@username: No importa como te sientas hoy: levántate, vístete y sal a brillar:)”		]]></document>
	<document><![CDATA[Después de ver mis familiares concluyo que... http://t.co/9TJrwSQB4n		]]></document>
	<document><![CDATA[La felicidad es una decisión que se toma todos los días! http://t.co/O9selbhZ39		]]></document>
	<document><![CDATA[El éxito y realización llega a las personas que alguna vez confiaron en sus sueños!		]]></document>
	<document><![CDATA[“@username: Esta noche la primera luna llena del año.” yeiiiii mi favorita		]]></document>
	<document><![CDATA[@username q tal q se atribuyó el tweet jaja saludos licenciado.		]]></document>
	<document><![CDATA[Para mi un mensaje sólo cumple su objetivo cuando pasa el filtro del cerebro y llega al corazón, feliz viernes!		]]></document>
	<document><![CDATA[Asi o más Godinez Chilaquiles en vaso... Detallazo de mis compañeros en la oficina jajja http://t.co/hFDJP0orIu		]]></document>
	<document><![CDATA[@username black dog claro!		]]></document>
	<document><![CDATA[Ustedes que creen que sea mas importante la imaginación o el conocimiento?		]]></document>
	<document><![CDATA[@username jajaja ok Albert Einstein opinaba q la imaginación es mas importante ;)		]]></document>
	<document><![CDATA[@username correcto!		]]></document>
	<document><![CDATA[Si tienes el poder de hacer alguien feliz, hazlo!		]]></document>
	<document><![CDATA[“@username: Un hombre inteligente no es el que tiene muchas ideas, sino el que sabe sacar provecho de las pocas que tiene.”		]]></document>
	<document><![CDATA[@username para que los espacios públicos si no se puede caminar sin ser asaltado!		]]></document>
	<document><![CDATA[Cuando les pregunto a los ejecutivos que buscan en su trabajo me responden todo lo que NO quieren. Hablemos en positivo...sabes que quieres?		]]></document>
	<document><![CDATA[@username ahí estaremos!		]]></document>
	<document><![CDATA[@username no es a las 6pm?		]]></document>
	<document><![CDATA[@username gran presidenta siempre muy honesta e incluyente!		]]></document>
	<document><![CDATA[La mirada suele ser cómplice de nuestro corazón y en ocasiones hasta amiga de la razón...WShakespeare		]]></document>
	<document><![CDATA[Sólo la determinación y una actitud positiva te puede ayudar a superar la adversidad.		]]></document>
	<document><![CDATA[Enseña a tus hijos lo únicos y especiales que son, que tienen todo para ser felices y exitosos no les límites esa capacidad de soñar!		]]></document>
	<document><![CDATA[Welcome to the 40's cuatitos los adoro hermanitos...miren alguna vez no fueron negros http://t.co/QXm9dVMjvA		]]></document>
	<document><![CDATA[“@username: Do it! :) http://t.co/dP9Ora8aLs”has lo q sea bueno para tu alma!		]]></document>
	<document><![CDATA[No existen amores perdidos, son almas que jamás se encontraron. Tampoco amores no correspondidos, son amores no merecidos. Luis Eduardo Aute		]]></document>
</author>