<?xml version="1.0" encoding="UTF-8" standalone="no"?><author id="e293b144-1d07-4cae-a032-e767d52b0821" lang="es">
	<document><![CDATA[@username Antonio, gracias por el follow.		]]></document>
	<document><![CDATA[@username Buenos días Duarte, gracias por el follow.		]]></document>
	<document><![CDATA[@username Fernando, gracias por el follow.		]]></document>
	<document><![CDATA[El sudoku del #PSPV en #Valencia http://t.co/n9PA6ohV vía @username		]]></document>
	<document><![CDATA[Hoy arranca la primera #mascletà en #Valencia, no me la pierdo. En breve, a la capital del #Túria. Viva las #fallas.		]]></document>
	<document><![CDATA[#No vs #Sí. La #UE, dividida sobre el intento de #España de relajar el #objetivo de #déficit vía @username http://t.co/9TgVR5y3		]]></document>
	<document><![CDATA[Las #CCAA se plantean cobrar por la renovación de la #tarjeta #sanitaria, lo que supondría 470 #millones de #ingresos. http://t.co/oFIgZFoG		]]></document>
	<document><![CDATA[@username Interesante artículo sobre el valor de #conocimiento de #empleados y ventajas de compartirlo en #equipo. http://t.co/yyx2rMSu		]]></document>
	<document><![CDATA[El #Gobierno prevé la destrucción de 630.000 #empleos. Tras estas estremecedoras cifras hay personas y familias. #paro http://t.co/zUjw7EaF		]]></document>
	<document><![CDATA[Que #España gane peso en #Bruselas es una de las prioridades de #Rajoy, que hoy ha retado a la Comisión con un objetivo #déficit del 5,8%.		]]></document>
	<document><![CDATA[El juez no imputará a la #Infanta #Cristina y descarta un careo #Urdangarín- #Torres #caso #Nóos http://t.co/zubUimxt vía @username		]]></document>
	<document><![CDATA[@username Gracias por el follow		]]></document>
	<document><![CDATA[#noeresdeburriana si cuando te preguntan si eres de #Castellón no contestas: no, no soy de Castellón, sino de Burriana.		]]></document>
	<document><![CDATA[#noeresdeburriana si de pequeño/a no te has colado alguna vez en la escuela de vela.		]]></document>
	<document><![CDATA[#noeresdeburriana si no insistes en que la ciudad de Burriana existía antes que #Castellón		]]></document>
	<document><![CDATA[#noeresdeburriana si de pequeño/a nunca te han invitado a abandonar la biblioteca de la Mercé		]]></document>
	<document><![CDATA[#noeresdeburriana si no caíste en la trampa de probar y acabar comprando las nuevas chucherías que recibía 'el pipa'		]]></document>
	<document><![CDATA[#noeresdeburriana si no dices que al mercado del domingo viene gente de toda la provincia		]]></document>
	<document><![CDATA[#noeresdeburriana si no te encantan las milhojas o los merengues de La Palma		]]></document>
	<document><![CDATA[Las #librerías más bonitas del #mundo. #Cultura http://t.co/bsnMUEtN  @username		]]></document>
	<document><![CDATA[@username Desde luego. Están buenísimas. Made in Burriana.		]]></document>
	<document><![CDATA[José Antonio #Vera, ex director de publicaciones de #LaRazón, nuevo #Presidente de la #Agencia #EFE http://t.co/bt5lD5FK		]]></document>
	<document><![CDATA[Continúa el #escepticismo.Los #españoles vemos la #economía peor que nunca desde el inicio de la #crisis.http://mun.do/y0LRVt vía @username		]]></document>
	<document><![CDATA[De #Guindos anuncia que la #inversión #pública se reducirá un 40% en #2012 http://t.co/B52cN0C5 vía @username		]]></document>
	<document><![CDATA[A las puertas de la #campaña #electoral andaluza, #Invercaria se querella contra el exdirectivo que denunció presiones http://t.co/0DHwNqyR		]]></document>
	<document><![CDATA[El #FBI detiene a #hackers ligados a #Anonymous gracias a un 'topo'. http://t.co/01PFa5cg vía @username		]]></document>
	<document><![CDATA[¿Hasta cuando durará el baño de sangre en #Siria? 8.500 personas, la mayoría civiles,han muerto desde el inicio de la #revuelta. #represión		]]></document>
	<document><![CDATA[Buenos días! Feliz #día #internacional de la #mujer!		]]></document>
	<document><![CDATA[Mientras que #Mercadona ganó un 19% más en #2011, el beneficio de #Carrefour bajó un 14% respecto al año anterior. ¿Cuál es el secreto?		]]></document>
	<document><![CDATA[#Mercedes presenta un #coche invisible en su nueva campaña. Buena #publicidad. http://t.co/dhQWwO7p		]]></document>
	<document><![CDATA[La @username pide igual #salario y condiciones laborales para #mujeres y #hombres #periodistas #día de la #mujer http://t.co/TnQ3eCtk		]]></document>
	<document><![CDATA[Profundizando en el #cursocmupv		]]></document>
	<document><![CDATA[@username iPad nuevo, marketing nuevo:Los cambios que se producirán en el sector con la nueva tableta vía @username http://t.co/aGQQJ2U2		]]></document>
	<document><![CDATA[#Siri le cuesta a #Apple una demanda por #publicidad engañosa. http://t.co/J6fIGbpz #Iphone vía @username		]]></document>
	<document><![CDATA[#Pinterest y tu #marca #personal. 7 recomendaciones prácticas. vía @username http://t.co/1RuWfO3h		]]></document>
	<document><![CDATA[#Bankia pierde un 3,7% en #Bolsa al alejarse la #fusión con #Caixabank #Ibex35 http://t.co/Imdegjj1 vía @username		]]></document>
	<document><![CDATA[Un #sumiller #digital para abrir la #bodega al #cliente. #tendencias #EEUU http://t.co/QpeGISmT vía @username		]]></document>
	<document><![CDATA[#Soria rechaza una #quita a las #eléctricas para atajar el #déficit de #tarifa. #Industria http://t.co/xYsOfqh3 vía @username		]]></document>
	<document><![CDATA[@username, gracias por el RT :-)		]]></document>
	<document><![CDATA[@username Hola Denis, gracias por el RT ;-)		]]></document>
	<document><![CDATA[25 #anuncios con dosis de #creatividad e #ingenio para apasionados de #fotografía. #Publicidad...		]]></document>
	<document><![CDATA[#Miniempleos de 5 #euros la #hora . #Empleo http://t.co/Zpoo64Sa vía @username		]]></document>
	<document><![CDATA[20 #anuncios que no llegaron nunca a los ojos del #consumidor. Curioso el de #Energizer. #Publicidad http://t.co/gWYRlTZA vía @username		]]></document>
	<document><![CDATA[Manifiestos para llevar una #vida #creativa "como Dios manda". #Publicidad http://t.co/R2rKDTzq vía @username		]]></document>
	<document><![CDATA[Conviértete en un cuentacuentos http://t.co/3Tjkck8e		]]></document>
	<document><![CDATA[Una lástima que la #crisis se lleve por delante a #59segundos, que desaparece en #abril. Un buen programa con grandes profesionales. #TVE		]]></document>
	<document><![CDATA[@username @username Se ha convertido ya en tónica habitual.		]]></document>
	<document><![CDATA[@username ¿Y el azúcar?		]]></document>
	<document><![CDATA[#Loewe o el mejor ejemplo para conseguir #publicidad #gratuita en las 'informaciones' de los #medios. #Campaña http://t.co/tVra2G7j		]]></document>
	<document><![CDATA[Necesito suerte para ganar las entradas del partido #villarrealrealmadrid. Un buen regalo de cumpleaños, sin duda.		]]></document>
	<document><![CDATA["Liquid Democracy": cuando el #consumidor se convierte en editor de los grandes #medios de #comunicación.Vía @username http://t.co/RFWq0vAc		]]></document>
	<document><![CDATA[#Reino #Unido baja #impuestos a las #empresas y a los más #ricos. Esperamos que #Rajoy no tome nota de ello....		]]></document>
	<document><![CDATA[@username Diccionario muy interesante y productivo.		]]></document>
	<document><![CDATA[El #street #Painting de #Beever, #arte #callejero como estrategia de #marca para #empresas. #Experiencia #emocional. http://t.co/28dWvrMW		]]></document>
	<document><![CDATA[La iniciativa de un #fan en @username ha dado pie a una gran #campaña #publicitaria de #Audi. #WantAnR8 http://t.co/e9B3mP3s		]]></document>
	<document><![CDATA[#Soria anuncia que subirá la #luz entre un 5% y un 7% a partir de #abril vía @username http://t.co/PiI8yhC2		]]></document>
	<document><![CDATA[Detenido en #Valencia un miembro de #AlQaeda http://t.co/7GhjxO02 /detenido-valencia-miembro-qaeda-que-alentaba-actos-terroristas-1592781		]]></document>
	<document><![CDATA[http://t.co/jN2UAHfA Lo mejor del Seminario ‘Cómo buscarse la vida con el marketing y la comunicación’		]]></document>
	<document><![CDATA[Fundamental garantizar el #derecho a #huelga,pero respetando el derecho a #trabajar y circular.Es una gran conquista de la #democracia.#29M		]]></document>
	<document><![CDATA[@username Así es. Hoy tenemos que apostar por el rigor periodístico.		]]></document>
	<document><![CDATA[Los #periódicos prevén una brutal caída de la #publicidad en #marzo, entre el 15% y el 23% vía @username. #prensa http://t.co/XUkRBqng		]]></document>
	<document><![CDATA[#Montoro anuncia que las #CCAA que no cumplan con los objetivos podrán ser intervenidas a partir de #mayo http://t.co/ZbodO91U #Congreso		]]></document>
	<document><![CDATA[#Ximo #Puig,elegido nuevo secretario general de los #socialistas #valencianos.Espaldarazo de los militantes a #Alarte http://t.co/5nt9Wa4T		]]></document>
	<document><![CDATA[Buen #amigo, buena gente. El #homenaje de #Forges a #Mingote http://t.co/FquJfbX8 vía @username		]]></document>
	<document><![CDATA[@username #Cuarto #milenio consigue un 14,6% con su especial sobre #Titanic, su récord de temporada http://t.co/VeoiUIpg @username		]]></document>
	<document><![CDATA["En 20 años la paridad irá en contra de la #mujer".Ineludible reflexión de Teresa Miras,investigadora en #neurociencia. http://t.co/FyYeTzDJ		]]></document>
	<document><![CDATA[No resulta coherente pedir #disculpas sin decir sobré qué y por qué. La sociedad española exige algo más que un 'mea culpa'. #Rey #cacería		]]></document>
	<document><![CDATA[@username Gracias por el retweet. Buenas noches.		]]></document>
	<document><![CDATA[Impedir al trabajador comunicarse a través de los #Social #Media es un #error.#redes #sociales #comunicación http://t.co/HEi6RwEV		]]></document>
	<document><![CDATA[El ex primer #ministro islandés es declarado inocente por la #crisis de 2008  http://t.co/qs3xViJg vía @username #Islandia		]]></document>
	<document><![CDATA[En el #día #mundial de la #libertad de #prensa,rcordemos a 10.000 compañeros sin #empleo.Sin ellos se pierde información,calidad democrática		]]></document>
	<document><![CDATA[El desprestigio social de la #prensa. Interesante artículo en @username de María Dolores Masana. http://t.co/bzQ00WRl #día #mundial #libertad		]]></document>
	<document><![CDATA[El juez ordena buscar en el disco duro de #Torres 200 e-mails sobre el rey.Como españoles tenemos todo derecho a conocer el contenido.#Noos		]]></document>
	<document><![CDATA[El #CGPJ,muy devaluado por la carrera judicial y la #opinión pública,debe hacer un ejercicio de rsponsabilidad.Su actitud,más que bochornosa		]]></document>
	<document><![CDATA[#Guindos negocia con Europa la fórmula para capitalizar la banca  http://t.co/ehwxE2iI vía @username		]]></document>
	<document><![CDATA[Incoherente que #Andalucía apueste por aumentar el n de #parlamentarios, aunque la propuesta de #Aguirre,pese ser buena,sabe a #oportunismo.		]]></document>
	<document><![CDATA[La triste realidad."@username:  #España: 'A becarios se les paga una miseria o no se les paga' http://t.co/uL8EmAEE"		]]></document>
	<document><![CDATA[Tahrir dicta pena de muerte para #Mubarak @username http://t.co/sufpZmLr"		]]></document>
	<document><![CDATA[Según France Presse, #España pedirá el #rescate bancario, aceptado por la #UE.El #FMI vigilará el plan de ayuda		]]></document>
	<document><![CDATA[#Rajoy sí que sé dejará ver mañana en el partido de la #Eurocopa,pero hoy,para anunciar el #rescate bancario,opta por esconderse.		]]></document>
	<document><![CDATA[De #Guindos no especifica la cantidad que recibirá el #FROB a inyectar dinero a las entidades españolas.		]]></document>
	<document><![CDATA[De #Guindos:"La cantidad es lo suficientemente elevada para no dejar el más mínimo resquicio a la duda" #rescate #bancario		]]></document>
	<document><![CDATA[Comunicado del #Eurogrupo #rescate #bancario http://t.co/0g5TWzgT		]]></document>
	<document><![CDATA[La #UE pedirá a #España el cierre de #bancos cuya quiebra no desestabilice la economía. #rescate http://t.co/yQUWg0Mm" vía @username		]]></document>
	<document><![CDATA[Resulta de lo más #incoherente el chorro d #dinero que reciben los partidos #políticos en forma de subvenciones,pese a bajar un 20% en #2012		]]></document>
	<document><![CDATA[#Finlandia bloqueará el acuerdo de #Bruselas para la compra de #deuda soberana: http://t.co/GGTXOFX vía @username		]]></document>
	<document><![CDATA[Con la primera sentencia contra las preferentes se establece un precedente,relevante teniendo en cuenta que #Novagalicia no va a recurrir		]]></document>
	<document><![CDATA[La policía entra en #RTVV para “garantizar la emisión” de la señal http://t.co/YA8UAZ6q vía @username"		]]></document>
	<document><![CDATA[La máxima solidaridad y apoyo para los trabajadores d #RTVV,quienes cargan con la mala gestión de los políticos.Por una tv pública d calidad		]]></document>
	<document><![CDATA[@username Malos momentos para la profesión, tan necesaria para el ejercicio de la democracia.		]]></document>
	<document><![CDATA[¿Resultarán fructíferas las comparecencias sobre #Bankia de Campa, Fernández Ordoñez, Rato y Salgado en el #Congreso? El escepticismo reina		]]></document>
	<document><![CDATA[Que el #Rey y el #Príncipe se bajen el #sueldo un 7,1% es bien recibido,pero este paso se queda corto si aspiran a lavar su imagen.		]]></document>
	<document><![CDATA[@username Buena reflexión!		]]></document>
	<document><![CDATA[#Montoro justifica la subida del #IVA y las medidas contra los #funcionarios alegando riesgo del de nóminas. http://t.co/wbAtiaSe		]]></document>
	<document><![CDATA[La estrategia offline y online tiene que constituirse holísticamente."Aprender del offline para triunfar...#recomendable....		]]></document>
	<document><![CDATA[Parte d la cúpula gobernante de #Damasco muere en un atentado,¿servirá al menos para que nos atrevamos a acabar de una vez con esta masacre?		]]></document>
	<document><![CDATA[@username Lo curioso es que la gran mayoría de ellos no se plantea hacer nada para que esa imagen nada empática cambie.		]]></document>
	<document><![CDATA[Cuadrar cuentas, a veces tarea ardua.Interesante infografía de Slingshot CEO para crear un presupuesto de #marketing http://t.co/qSnpocN3		]]></document>
	<document><![CDATA[Como diría #Montoro,"así es la vida"."España tiene la #Eurocopa,pero no nuestra solvencia",así nos ningunean en Holanda.http://ow.ly/cvBdE		]]></document>
	<document><![CDATA[Atentos a la comparecencia de #Rato,pero con poca esperanza de autoculpa.Complejo justificar que las cuentas de #Bankia no fueron falseadas		]]></document>
</author>