<?xml version="1.0" encoding="UTF-8" standalone="no"?><author id="fa291857-8b00-4b9f-9515-7d95c0252033" lang="es">
	<document><![CDATA[On l'estat social funciona el joc d'atzar és irrellevant RT @username: 'Adelson versus Guardiola', Sánchez Piñol http://t.co/tiJsJ1jq		]]></document>
	<document><![CDATA[Eurovegas no es precisamente el modelo de desarrollo que interesa a Catalunya		]]></document>
	<document><![CDATA[RT @username: Para primar el talento y la innovacion es clave escuchar y dialogar con la organizació y la ciudadanía:  #Ogov		]]></document>
	<document><![CDATA[el talento no anda suelto a la espera de ser cazado; como dice @username hay que hacer políticas educativas para que aflore		]]></document>
	<document><![CDATA[@username o una isla desértica o inscribierte en un registro voluntario de tweetopatas para que te prohiban el acceso		]]></document>
	<document><![CDATA[@username Els dos entrenadors ha sigut futbolistes. Compara llurs intel·ligències coma jugadors i tindràs la resposta		]]></document>
	<document><![CDATA[RT @username: Informe eEspaña 2010 - Avanza una posición en el ranking  q mide el desarrollo de la SI http://ow.ly/17WBxo		]]></document>
	<document><![CDATA[Jornadas de enfermedades raras en Son Espases http://t.co/MOxiPZUr via @username		]]></document>
	<document><![CDATA[RT @username: II Jornada de malalties rares a Son Espases | Hospital Universitari Son Espases http://t.co/wBePkWfp		]]></document>
	<document><![CDATA[endesa online sólo funciona con navegador explorer; me acabo de dar de baja; otra vez factura en papel y correo postal		]]></document>
	<document><![CDATA[@username captado en mi lista skype		]]></document>
	<document><![CDATA[Mejor hoy que no ayer RT @username: Hoy es, curiosamente, el día del futuro, bellas fotos: http://t.co/jR6kbZml		]]></document>
	<document><![CDATA[Los políticos no soportan entrar en una comunidad que no les diga lo guapos/as que son @username @username http://t.co/S41JrH9M		]]></document>
	<document><![CDATA[@username Suerte, aunque no es cuestión de eso...		]]></document>
	<document><![CDATA[Jo en dic demagògiaRT @username: Cruyff revocat, demanda a Laporta, Txiqui plega, viatge a Extremadura. Una presidencia o una venjanc,a?		]]></document>
	<document><![CDATA[Nada, unas vacaciones más largas y a trabajar con Guardiola RT @username: Pobre Messi, lleva todo el partido buscando a Xavi e Iniesta.		]]></document>
	<document><![CDATA[Acaba el trasllat al nou Hospital RT @username: Gràcies | Hospital Universitari Son Espases http://bit.ly/gH6Nf9		]]></document>
	<document><![CDATA[Residus de vaixells al Port de Barcelona - Televisió de Catalunya http://t.co/YVdEEsf9 via @username		]]></document>
	<document><![CDATA[@username "La Pastoral Catalana" de J de Jòdar http://bit.ly/9WvFYT Excel·lent, llegiu-lo amb calma.		]]></document>
	<document><![CDATA[RT @username: Presentació de la sessió innovació + CoP en l'acte de cloenda  al Govern Balear. Espero que agradi http://ow.ly/36nAo		]]></document>
	<document><![CDATA[@username porque hay musica en los aviones y porque siempre la misma		]]></document>
	<document><![CDATA[Menys sou, més innovació? Algunes idees per a la crisi al meu bloc  http://bit.ly/aHYz6m		]]></document>
	<document><![CDATA[¿Menos sueldo, más innovación? Algunas ideas para la crisis en mi blog http://bit.ly/cRaE9Q		]]></document>
	<document><![CDATA[Pocs telèfons es veuen en els tuits, però és pràctic: RT @username: Xerrada sobre astronomia.  Ses Salines. Inscripció al 971 65 62 82		]]></document>
	<document><![CDATA[@username Puede que sea machista (pido disculpas) pero los taxis que conducen las señoras suelen estar limpios		]]></document>
	<document><![CDATA[@username Entiendo que es difícil de gestionar, pero se debería poder elegir taxi. Tu lo pagas, no? seguro que mejoraría el servicio.		]]></document>
	<document><![CDATA[RT @username: Jesucristo admirable. Lo que logró sin twitter y sólo con 12 followers RT @username @username @username y con un traidor		]]></document>
	<document><![CDATA[Hoy en Palma para asistir a la presentación de Irekia http://bit.ly/7eelFg de @username organiza @username. Sin fronteras		]]></document>
	<document><![CDATA[empiza la conferencia de @username en Palma con la presentación de Pilar Costa del Govern Illes Balears		]]></document>
	<document><![CDATA[@username gobierno abierto es la tranparencia en estado puro		]]></document>
	<document><![CDATA[@username abrir datos para reutilizarlos y generar valor para la sociedad (empresas, desarrolladores los ofrecen a los ciudadanos)		]]></document>
	<document><![CDATA[Asturias y Esukadi ya ofrecen open Data y @username anima a las otras administraciones a hacer lo mismo		]]></document>
	<document><![CDATA[@username Open Gov tiene que ver con el trabajo colaborativo, la participación y transparencia		]]></document>
	<document><![CDATA[@username pone ejemplos de transparencia:  con mi dinero http://bit.ly/68LpHP o arregla mi calle http://bit.ly/9kcwjg		]]></document>
	<document><![CDATA[@username  oGob es retransmisión de los actos significativos de la administración y gobierno en tiempo real		]]></document>
	<document><![CDATA[@username se puede entrar en competencia con las agencias de prensa; esto forma parte del cambio de la sociedad digital		]]></document>
	<document><![CDATA[@username Optamos por licencias abiertas en Creative Commons		]]></document>
	<document><![CDATA[@username Trabajo de transformación de la administración: Hay que convencer y ayudar a los altos cargos		]]></document>
	<document><![CDATA[@username Hacemos "escucha activa" de Internet; Prensa debe ayudar, pero los cargos deben ser los protagonistas de la comunicación		]]></document>
	<document><![CDATA[@username La gente pregunta sin dirigirse directamente a los políticos. Hay que contestar igualmente.		]]></document>
	<document><![CDATA[@username Aunque no estemos preparados (ciudadanos y gobierno) para participación, es igual, hay que empezar, aunque recibamos críticas		]]></document>
	<document><![CDATA[@username El ciudadano quiere sentirse ciudadano individual: el mensaje se debe particularizar		]]></document>
	<document><![CDATA[@username  En la red , la conversación es abieta (se evitan "malos entendidos")		]]></document>
	<document><![CDATA[@username  No podemos suplamtar (los de prensa) la personalidad de nuestros directivos si queremos humanizar la política		]]></document>
	<document><![CDATA[@username: en OGov usar herramientas sencillas y formar a la gente		]]></document>
	<document><![CDATA[RT @username: @username: en OGov usar herramientas sencillas ; es más difícil Evangelizar, empezando por los responsables		]]></document>
	<document><![CDATA[@username: lo primero Evangelizar; lo 2º tener estrategia y dirección; lo 3º tener recursos		]]></document>
	<document><![CDATA[@username: No hacen falta muchos recursos (1M€ Presupuestos; 15 personas) es la mitad de lo que tenía el G. de Comunicación		]]></document>
	<document><![CDATA[@username ¿no habré influido yo?		]]></document>
	<document><![CDATA[Salud con cosas: Hacer las cosas de otra forma http://t.co/dR5BU3F		]]></document>
	<document><![CDATA[@username y tu sin apostar de verdad, háztelo mirar...		]]></document>
	<document><![CDATA[RT @username: Análisis de la red de pases de Alemania, en la web Scientometrics http://ur1.ca/0kpep #esp #ger  (dedicado a @username)		]]></document>
	<document><![CDATA[Venga ya !!!!! RT @username: Hoy, por fin, revelamos el nombre del hospital...		]]></document>
	<document><![CDATA[No nos puedes tener tan IMpacientes RT @username: Subiendo el post donde desvelo qué hospital soy...		]]></document>
	<document><![CDATA[@username Prepara unas cuantas tazas: para el delegado de higiene, el representante sindical, etc.		]]></document>
	<document><![CDATA[@username El teletrabajo es una explotación de la clase obrera		]]></document>
	<document><![CDATA[@username me he perdido tu presentación, pero dicen que es la mejor. Ponla en slideshare para tus "tuaregs"		]]></document>
	<document><![CDATA[@username lo del t"uareg" lo había dicho sin haber visto la presentación		]]></document>
	<document><![CDATA[Hoy, Pulpo a la gallega para cenar acompañado de un albariño #esp		]]></document>
	<document><![CDATA[@username En Barcelona le llamamos Pedro. Ya no es Pedrito		]]></document>
	<document><![CDATA[@username Futbol une; Constitucional divide		]]></document>
	<document><![CDATA[El pulpo a feira va más caro; el PIB está creciendo; ¿hasta cuando?		]]></document>
	<document><![CDATA[@username Eso, savia nueva, hay que buscar allí donde no te lo imaginas.		]]></document>
	<document><![CDATA[Per què sempre que canvio de telèfon perdo els números memoritzats a la SIM?		]]></document>
	<document><![CDATA[Article de M. Castells sobre els mundials a la Vanguardia http://bit.ly/cK6Uqi		]]></document>
	<document><![CDATA[Entornos Personales de Aprendizaje (PLE) http://bit.ly/amoI1Y en el #PLE_BCN		]]></document>
	<document><![CDATA[@username son 2,5 h de AVE y te invito a cenar y a pasar el domingo en la playa de Sant Pol		]]></document>
	<document><![CDATA[@username ya ves que no estamos tan lejos...		]]></document>
	<document><![CDATA[@username cuantos hay?		]]></document>
	<document><![CDATA[Miles de médicos #MIR2012 visitando hospitales y especialidades para hacer su elección. No se podrían aprovechar estas "evaluaciones"?		]]></document>
	<document><![CDATA[@username yo ahora tomo una cerveza con unos colgas de la universidad		]]></document>
	<document><![CDATA[@username tranquilo, es solo un sintoma; y nada personal...		]]></document>
	<document><![CDATA[@username yo lo dejaria en imbecil a secas. Hoy no es el mejor dia para desprestigiar el independentismo		]]></document>
	<document><![CDATA[Ya se que me repito, pero otravez con @username y esa estúpida música		]]></document>
	<document><![CDATA[mejor #hectordixit RT @username: Después de reunirme con @username y @username te das cuenta que hay gente de nivel TOP		]]></document>
	<document><![CDATA[Los profesionales no deben perder los papeles en momentos de crisis (y menos si es por un empate en el último minuto)		]]></document>
	<document><![CDATA[Eso, ahora Mourinho no sale a la rueda de prensa (ni su fiel Karanka) (profesionalidad!)		]]></document>
	<document><![CDATA[Me confirman que Mou se ha ido directamente al parking		]]></document>
	<document><![CDATA[yo también estoy con 3 horas de retraso de @username . Qué cachondeo! Si no hay aviones, que el CM diga algo, no?		]]></document>
	<document><![CDATA[El avión está aun en BCN RT @username: Más de 2h de retraso en @username PMI-BCN, parece que ahora nos van a dar un refrigerio, mala pinta		]]></document>
	<document><![CDATA[Desde la caida de Spanair @username mucho peor y más cara. Falta poco para llegar a Grecia		]]></document>
	<document><![CDATA[jo a la platja i potser naveguem una estoneta RT @username: Ja no puc més. Baixo a la piscina! M'estic desfent de calor!!		]]></document>
	<document><![CDATA[@username muy estimulante, apetece el directo (o el diferido)		]]></document>
	<document><![CDATA[Contra lo políticamente correcto, os deseo feliz "Navidad"		]]></document>
	<document><![CDATA[@username Eso es Navidad,  en la calle, nevando, a -2, lo demás , tonterías.		]]></document>
	<document><![CDATA[10 preguntas para hacer al entrevistar un potencial de Community Manager en Marketing en Social Media http://bit.ly/dr466z		]]></document>
	<document><![CDATA[Ya se que no indica nada pero hacia tiempo que no encontraba atasco al llegar a BCN #brotesverdes?		]]></document>
	<document><![CDATA[@username ya lo he visto: fantástico !!!		]]></document>
	<document><![CDATA[@username eres un cotilla! eso si, muy feliz, no?		]]></document>
	<document><![CDATA[Interesante visión del ROI en Social Media (via @username) http://bit.ly/amD2vR		]]></document>
	<document><![CDATA[@username pues aquí no le queremos		]]></document>
	<document><![CDATA[RT @username: #interesante Gapminder gráficos del desarrollo mundial http://ow.ly/187ZQQ		]]></document>
	<document><![CDATA[Ganar la final tendrá gran impacto en turismo RT @username: ¿Cómo influirá la victoria de España en el turismo? http://bit.ly/d2ATqM		]]></document>
	<document><![CDATA[Efímero el texto, no la idea RT @username: Mis ideas no son retorcidas, sino enroscadas, y por eso penetran como tornillos ...		]]></document>
	<document><![CDATA[@username (libro Partes Públicas) La obsesión por la intimidad puede hacer perder oportunidades de establecer contactos importantes		]]></document>
	<document><![CDATA[Intel·ligència emocional RT @username: Divendres al vespre, millor moment de la setmana, tot s'alenteix i es relaxa		]]></document>
	<document><![CDATA[Por si alguien tiene dudas sobre compartir y colaborar en Internet, que lea Partes Públicas de @username  http://t.co/QEp5FCVY		]]></document>
	<document><![CDATA[Molt bona la presentació (i bon projecte http://bit.ly/69orq6 )  de @username #forumclinic a #sacom		]]></document>
	<document><![CDATA[@username aunque me gusta más, no se si es perro o gato; prefiro tu foto		]]></document>
	<document><![CDATA[Hoy mi hija me ha dicho que en la TV Italiana el locutor dijo: "la palla é per il barce... per la spagna" (palla=pelota)		]]></document>
</author>