<?xml version="1.0" encoding="UTF-8" standalone="no"?><author id="541812a8-23ca-40a2-ba5a-2ae0908eada2" lang="en">
	<document><![CDATA[k bish you got me on strings we get it now add me back to the chat		]]></document>
	<document><![CDATA[I want chicken nuggets. 16 of em		]]></document>
	<document><![CDATA[Yep staying home today		]]></document>
	<document><![CDATA[rest in peace bish		]]></document>
	<document><![CDATA[@username its literally the worst song i ever heard tbh. the entire song does not make a fuck of sense. that ''breakdown'' is just so shit		]]></document>
	<document><![CDATA[appp is caring a bit too much about something he says you should care about		]]></document>
	<document><![CDATA[Appp right now http://t.co/zm3m2pRVLe		]]></document>
	<document><![CDATA[@username its cause this shit has been going on for too long. it should of died long ago. theres no fun in it anymore,		]]></document>
	<document><![CDATA[@username and if there is people will suck that fun out of it. fuck we take this shit so seriously		]]></document>
	<document><![CDATA[@username i wouldnt be suprised if theres a fucking cod bible by now		]]></document>
	<document><![CDATA[if we don't have anything decent for dinner today i'm moving to kfc. i'll eat there all day and sleep outside till I die.		]]></document>
	<document><![CDATA[@username education. why the fuck everyone is forced to do it.		]]></document>
	<document><![CDATA[appp gold atm		]]></document>
	<document><![CDATA[every comment section on +5 million youtubers vids: ''i hate my life im depressed but you bring a smile on my face thanks for the vids''		]]></document>
	<document><![CDATA[This is why we need a podcast		]]></document>
	<document><![CDATA[@username I want to see you rant about religion. Do it whenever pls		]]></document>
	<document><![CDATA[@username it all basically comes down to that. but focus on the ones who do it though, would be entertaining		]]></document>
	<document><![CDATA[@username I'll cover that for ya, http://t.co/EGtNvgR6n0		]]></document>
	<document><![CDATA[@username lets just get a podcast like this going. https://t.co/yRI53QkvRM		]]></document>
	<document><![CDATA[:RE chapter 13 pls. @username		]]></document>
	<document><![CDATA[sword art online character facebook profile pictures		]]></document>
	<document><![CDATA[at all		]]></document>
	<document><![CDATA[@username lol no. i'm definitely addicted to fapping.		]]></document>
	<document><![CDATA[WE'RE GOING DOWN IN A SPIRAL TO THE GROUUUUND		]]></document>
	<document><![CDATA[@username I know, the thing I don't get is why do we always get addicted to things that aren't even that great.		]]></document>
	<document><![CDATA[@username did you read the fucking manga or are you an anime only peasant		]]></document>
	<document><![CDATA[@username the anime skips quite alot of important shit and rush the absolute fuck out of it. i recommend reading the entire manga. its 10/10		]]></document>
	<document><![CDATA[chapter 13 out today pls or i will cry for 3 years @username		]]></document>
	<document><![CDATA[@username please please please just read the manga insteaddd		]]></document>
	<document><![CDATA[@username skype important very very important		]]></document>
	<document><![CDATA[where is chapter 13		]]></document>
	<document><![CDATA[song of le day erryday https://t.co/qAqqB3aOYc		]]></document>
	<document><![CDATA[Dragon Balls. is called Dragon Balls.		]]></document>
	<document><![CDATA[a new parkway drive album this year would be blissss		]]></document>
	<document><![CDATA[sisters coming home tomorrow after 5 months wich means more mcdonalds sick		]]></document>
	<document><![CDATA[fuck I need a hobby		]]></document>
	<document><![CDATA[imagine actually fucking being keemstar ohmyfuck		]]></document>
	<document><![CDATA[the IQ chat has been talking in bold only for hours now		]]></document>
	<document><![CDATA[still not back in iq chat		]]></document>
	<document><![CDATA[@username fucking remove and add me back then		]]></document>
	<document><![CDATA[so fucking hyped for STYGs new album		]]></document>
	<document><![CDATA[I can smell the smell of summer when watching old kjw videos		]]></document>
	<document><![CDATA[@username I fucking love you so much		]]></document>
	<document><![CDATA[every KWJ video used to be so fucking good i swear i'm legit depressed theyre not daily anymore		]]></document>
	<document><![CDATA[if only the highs on this were lows itd be the best song ever https://t.co/fxOnXSYwCA		]]></document>
	<document><![CDATA[I better get my fucking chapter 13 when I wake up tomorrow.		]]></document>
	<document><![CDATA[7 more likes on this Classic 2 would be sick https://t.co/xkR7V1BE48		]]></document>
	<document><![CDATA[@username you rendered with premiere you disgust me		]]></document>
	<document><![CDATA[@username GET ON THE DRUNKEN PEASANTS ASAP YOOOO		]]></document>
	<document><![CDATA[this fucking guy is so unbelievably good https://t.co/IHY4hS5vGt		]]></document>
	<document><![CDATA[might grow a beard and dye it blue		]]></document>
	<document><![CDATA[follow my playlist if you have an medium size or larger penis http://t.co/PzXkAI0uZb		]]></document>
	<document><![CDATA[if you've never listened to this album I don't want you in my life https://t.co/JheXknl7vh		]]></document>
	<document><![CDATA[tokyo ghoul S203 is out but chapter 13 isnt. http://t.co/eNuexMvhRQ		]]></document>
	<document><![CDATA[skipping the intro cause its shit		]]></document>
	<document><![CDATA[hey look. dead people.		]]></document>
	<document><![CDATA[are they doing the takatsuki thing rn pls yess		]]></document>
	<document><![CDATA[THERYE DOING CHAPTER 116		]]></document>
	<document><![CDATA[its cold outside better wear a scarf! http://t.co/lpUHk3FqG5		]]></document>
	<document><![CDATA[I feel like this season has potential to make up for the mess that is episode 11 and 12		]]></document>
	<document><![CDATA[TAKATSUKI HAS GREEN HAIR FUCK YESSSSSSSSSSSSSSSSSSSSSSSSSSSSSS		]]></document>
	<document><![CDATA[naki looks better in the manga too peasants		]]></document>
	<document><![CDATA[aaaand shippuden is still in filler mode for no fucking reason at all fucking hell		]]></document>
	<document><![CDATA[reason number 34093248932489 to read the manga http://t.co/zUeiMas9BL		]]></document>
	<document><![CDATA[im drawing something c00l		]]></document>
	<document><![CDATA[half werewolfish Estra on yo tl http://t.co/uNs1F5E27V		]]></document>
	<document><![CDATA[if theres no chapter 13 when I wake up tomorrow i'm jumping infront of the fucking train		]]></document>
	<document><![CDATA[@username remember that awful orange pants present you got from your mom wich even your dad despised ? Found it http://t.co/hKc3g1lTxf		]]></document>
	<document><![CDATA[@username instantly reminded me of that q&a vid. pls come back. I need you in my life again		]]></document>
	<document><![CDATA[@username I know this. It was beautiful. I want to ho back to the days of daily uploads maaaan		]]></document>
	<document><![CDATA[@username finished season 1 yet?		]]></document>
	<document><![CDATA[one more poo hour		]]></document>
	<document><![CDATA[wanna hear a joke? chapter 13 is out		]]></document>
	<document><![CDATA[cats like rap		]]></document>
	<document><![CDATA[alright I've legit typed my password wrong 7 times in a row now.		]]></document>
	<document><![CDATA[14 HAVE I BEEN HACKED?		]]></document>
	<document><![CDATA[well fuck		]]></document>
	<document><![CDATA[oh shit nope I just used the wrong password..... FFS		]]></document>
	<document><![CDATA[@username whos daul		]]></document>
	<document><![CDATA[Pooping is reverse anal		]]></document>
	<document><![CDATA[high five https://t.co/uGYWtafSYe		]]></document>
	<document><![CDATA[chapter 13?????		]]></document>
	<document><![CDATA[punched tv cause I can't fucking spell my password		]]></document>
	<document><![CDATA[wtf is going on today		]]></document>
	<document><![CDATA[in other fucking news STILL no chapter 13		]]></document>
	<document><![CDATA[ray william johnson on my facebook tl.		]]></document>
	<document><![CDATA[females entered my room kicked one in theface		]]></document>
	<document><![CDATA[fuck me Heavan Shall Burn are beast		]]></document>
	<document><![CDATA[CHAPTER 13		]]></document>
	<document><![CDATA[IS OUUUUUUUUUT		]]></document>
	<document><![CDATA[HELP http://t.co/W7dbI4s1xc		]]></document>
	<document><![CDATA[these chapters are too fucking short man		]]></document>
	<document><![CDATA[@username hey dude can you help me out for a second (skyrim wont startup)		]]></document>
	<document><![CDATA[@username really think we could of done better		]]></document>
	<document><![CDATA[@username too much demoltion you cant deny it.		]]></document>
	<document><![CDATA[wake up to see demo has uploaded. there is a god		]]></document>
	<document><![CDATA[Appp IQ playing live rn support the IQ family https://t.co/btEaLI72gF		]]></document>
	<document><![CDATA[McDonalds bitch		]]></document>
	<document><![CDATA[McDonalds was bibbo		]]></document>
	<document><![CDATA[3rd person teamtage: https://t.co/U4mUkH8wlk go watch it now		]]></document>
</author>