<?xml version="1.0" encoding="UTF-8" standalone="no"?><author id="60468a75-1938-4366-abaa-5ad1cc1b0b8e" lang="en">
	<document><![CDATA[@username @username @username @username  #IfMyNameWas YashChopra i'd name lead as Abhinav instead of Rahul or Raj in my films... xD		]]></document>
	<document><![CDATA[@username @username @username #IfMyNameWas @username i'd catch ol #pokemon n hv won all battles n batch. http://t.co/Zk6EePv2V7		]]></document>
	<document><![CDATA[Connect with me on Myspace. https://t.co/RdQIfA5lAN		]]></document>
	<document><![CDATA[@username @username @username @username #IfMyNameWas @username i'd make teaching java and taking exams illegal in college.		]]></document>
	<document><![CDATA[#IfMyNameWas alla-ud-din khilji, i'd spare #Nalanda n burn all #engineering_college and #university in #Bangalore(on sunday..) #noMoreExams		]]></document>
	<document><![CDATA[@username @username when we are gonna have result and winner???		]]></document>
	<document><![CDATA[@username #IfMyNameWas yash chopra @username , i'd change lead name to Abhinav from #Rahul or #Raj in all my movies		]]></document>
	<document><![CDATA[@username aye hero!! topper  kidher h?		]]></document>
	<document><![CDATA[@username @username @username @username atleast dont tag Mr @username is nonexistant here.he is just inventor of java		]]></document>
	<document><![CDATA[@username hey its my bday  this weekend.. whts my gift?? xD		]]></document>
	<document><![CDATA[@username hey! is it required to work on FB as well of ifmynamewas ??		]]></document>
	<document><![CDATA[someone plzz utha lo meri java wali psycho ma'am koo.. she is such a pain in ass

bahut sari dua milegi...		]]></document>
	<document><![CDATA[#IfMyNameWas George w Bush,i'd punish all college teachers and give students some freedom #iraq2006 #proff_Sucks @username @username xD		]]></document>
	<document><![CDATA[@username @username @username @username if my name was twitter , i'd block tweets from Bombay -Pune , and flood abhinav raj's tweet		]]></document>
	<document><![CDATA[@username @username @username @username  #IfMyNameWas VIjay Malya , i'd never put 14cr on Yuvraj Singh #ipl #RCB		]]></document>
	<document><![CDATA[I'm backing #Raina in the @username #playerbattles. Vote for your choice now http://t.co/aVo23md36z #PepsiIPL		]]></document>
	<document><![CDATA[@username @username @username @username yes,, shayad... ask for the prizes now  we won the stage 1 :D ;)		]]></document>
	<document><![CDATA[BADGES! I just unlocked the Outside BAD. Website GOOD. badge on @username, a rewards program for devs. http://t.co/ZEc7f5RIgp		]]></document>
	<document><![CDATA[@username i did before 12 am only.. its some problem woth FK i guess .. i ahve already mailed FK ans MSDev about the issue in detail		]]></document>
	<document><![CDATA[#IfMyNameWas @username i'd declare @username as winner		]]></document>
	<document><![CDATA[According to my girlfriend,,
  She is Ideal
    Her parents are Idol
     I am Idle		]]></document>
	<document><![CDATA[@username @username @username @username @username @username @username @username whts this? idk,its my bday  gimme this		]]></document>
	<document><![CDATA[@username @username @username @username @username @username @username @username keem calm and vote for "L"		]]></document>
	<document><![CDATA[@username @username @username @username  #IfMyNameWas ...forget that-->dostnt matter now, keep calm and Comment L, Vote for L xP xD		]]></document>
	<document><![CDATA[@username @username @username @username  arrey atleast mera bday gift hi bna kr dedo... :D		]]></document>
	<document><![CDATA[Modi did not allow Arnab to complete a sentence. Now there is nothing left for Modi to achieve.		]]></document>
	<document><![CDATA[@username OMG oldest !! :O but then bday wala gift mera h.. i should get priority xD @username @username		]]></document>
	<document><![CDATA[@username @username L is bettr man		]]></document>
	<document><![CDATA[@username @username @username @username @username @username @username @username for change, plan something in blr.		]]></document>
	<document><![CDATA[@username @username @username @username @username @username @username @username BigGuys,I cnt come 2 mumbai frm Blr :/		]]></document>
	<document><![CDATA[Kisi ki mummy bachi hai to please ab daal do. Because 12 baje ke baad human right violation ho jaega..... #MothersDay		]]></document>
	<document><![CDATA[@username thats   my girl !!		]]></document>
	<document><![CDATA[must be #ExitPolls2014 Heat fb over-flooded with posts , #Facebook  down now in India 

#FaceBookDown		]]></document>
	<document><![CDATA[I can't access to my facebook account, so i protest on twitter! #FaceBookDown		]]></document>
	<document><![CDATA[#macroman chaddi is soo irritating huh		]]></document>
	<document><![CDATA[@username @username u dint wish me on my b'day.. moreover i got call from team regarding No. of apps i hv submitted, & when i will do more -_-		]]></document>
	<document><![CDATA[@username @username it's on may 09 :| i have filled all details already while registering for DVLUP :@username		]]></document>
	<document><![CDATA[@username @username @username yea.. skype with MS! thats something interesting :D		]]></document>
	<document><![CDATA[Kejriwal winning less seats than the number of slaps he was hit. #Elections2014		]]></document>
	<document><![CDATA[@username giveaway... hurry to win invitws
the best android phone is here
http://t.co/UjsdS7SIOr		]]></document>
	<document><![CDATA[@username can i use icon in India if i buy this through microsoft store?? its verizon,, so can i use gsm on this?? @username		]]></document>
	<document><![CDATA[kl #SemEndExam.... its time to start reading my notes... but ohhff its so boring, and am sleepy again 
am gonna cry like total loser 2mrw		]]></document>
	<document><![CDATA[@username why am not getting 100xp after your survey(as told in email)		]]></document>
	<document><![CDATA[http://t.co/rqCIyITzuv
really!!		]]></document>
	<document><![CDATA[@username as Dr House says		]]></document>
	<document><![CDATA[@username is the survey still open?? because for my friends, the link isnt working anymore..		]]></document>
	<document><![CDATA[@username even i wish the same		]]></document>
	<document><![CDATA[@username http://t.co/SgjRnShC5r
i guess it redirects to https://t.co/NmEqgS7CcF
but i cant access it anymore		]]></document>
	<document><![CDATA[Win a SteelSeries Siberia v2 Heat Orange Edition with EbuGamer http://t.co/iIjEZ4rZIq		]]></document>
	<document><![CDATA[I just entered to #win & you can too: "SteelSeries Siberia v2 Heat Orange Edition". Enter the #giveaway here: http://t.co/iIjEZ4rZIq		]]></document>
	<document><![CDATA[''I entered into the bathroom and what happened next will blow your mind- I took a shower.'' ~Engineers, basically.		]]></document>
	<document><![CDATA[@username whats the vine id for #innovationjockey ??		]]></document>
	<document><![CDATA[Telemarketers Annoyed Him Like Mad. How He Stopped Them? Beyond Awesome. (via @username) http://t.co/tHryU07cV5		]]></document>
	<document><![CDATA[I'm participating in the #OnePlus #StormOfInvites! http://t.co/5N7GPEVwKY		]]></document>
	<document><![CDATA[I just entered to #win & you can too: "Invites to Buy the 64GB Version of the One". Enter the #giveaway here:		]]></document>
	<document><![CDATA[Every night we go to bed, we have no assurance to wake up alive the next morning but still we set alarm for tomorrow.'THAT'S HOPE'. :))		]]></document>
	<document><![CDATA["GET THAT GUM OUT OF YOUR MOUTH!" ...   DUDE CHILL! .. It's gum not drugs.		]]></document>
	<document><![CDATA[Crushes r more beautiful than affairs. 'coz there is no responsibility,no worry, no commitment.just look at ur crush & smile like an idiot.!		]]></document>
	<document><![CDATA[Saying ''If you know what I mean'' makes everything seem so much more sexual...  . . . . . . . . . . If you know what I mean ;)		]]></document>
	<document><![CDATA[@username i understand this.. but am too lazy to get up.
n its like we like playing for hours, but we cant study for 30 mins. can u help?		]]></document>
	<document><![CDATA[amazing dance moves
Parov Stelar - All Night (JSM): http://t.co/ehT8bezpkz via @username		]]></document>
	<document><![CDATA[I just entered to #win & you can too: "Invites to Buy the 64GB Version of the One". Enter the #giveaway here: http://t.co/EtFxdOZz7V		]]></document>
	<document><![CDATA[My eyes r so used to nights that they take a while to adjust to day		]]></document>
	<document><![CDATA[This Video Is Bone-Chilling.  Every Parent Needs To Watch This. (via @username) http://t.co/JJsYQWygju		]]></document>
	<document><![CDATA[Video: hey *: go to video *: click on transcript tab *: copy all content *: paste in google translate (auto... http://t.co/aE1FZ1Bxnj		]]></document>
	<document><![CDATA[*go 2 http://t.co/jB8vzWbffF
*click on transcript tab
*copy all content
*paste in google translate (auto to eng)
*and explain the meaning :D		]]></document>
	<document><![CDATA[Childhood = Ruined: These Realistic-Looking Pokémon Are Absolutely Terrifying (Photos) http://t.co/ZbPz4PQqtp via @username		]]></document>
	<document><![CDATA[This Clip Is Scarier Than Any Movie. What's Terrifying Is That It's Not a Movie. (via @username) http://t.co/ETyoZumqxn		]]></document>
	<document><![CDATA[Move Over Rich Kids Of Instagram, It’s All About The Rich Kids Of Snapchat Now (Photos) http://t.co/MxOExWJRcZ via @username		]]></document>
	<document><![CDATA[15 Things You Will Understand If You Live Away From Home http://t.co/stjxuQiTzC via @username		]]></document>
	<document><![CDATA[Yes, She wears a strapless bra, and it Shows. So?? - Why? Why do you do that? Stare at her breasts like... http://t.co/NipNE3emrO		]]></document>
	<document><![CDATA[How many of us have heard of Richie McKaw or Quade Cooper? You haven’t? Well, they are two of probably the... http://t.co/eCLFvuwQcs		]]></document>
	<document><![CDATA[#Iraq - a place where both the #killer and the #killed take Allah's name before killing...   

Kyun?  

 Allah jaane...		]]></document>
	<document><![CDATA[Settles into bed with blankets laptop headphones a drink and everything* 

ahh yes perfect. I have to pee.		]]></document>
	<document><![CDATA[Photo: #TurnDownForTumblr http://t.co/nV5eSH6cZf		]]></document>
	<document><![CDATA[This is my Degreed profile which helps me track all of my learning. Go check it out! http://t.co/pznO2hxiAT		]]></document>
	<document><![CDATA[This Short Film Of A Toy Seller In Mumbai Has An Ending That Will Take You By Surprise http://t.co/GgJ9mYwnBK via @username		]]></document>
	<document><![CDATA[@username lucky u... wish if such events are organised in same way here		]]></document>
	<document><![CDATA[22 Baking Projects That Didn't Turn Out As Planned. #6 Is Pure Gold! (via @username) http://t.co/GhCVdlbsa5		]]></document>
	<document><![CDATA[What if Kejriwal was Railway Minister? This would be his budget: http://t.co/mTStQTmA5K		]]></document>
	<document><![CDATA[Woah. Have y'all heard of @username's #WindowsAppHunt? Answer 25 questions, help other devs, win an Xbox One: http://t.co/6vEZiDKVP4		]]></document>
	<document><![CDATA[@username what is this contest?? how can anyone answer 25 questions, if he doesnt has windows phone?		]]></document>
	<document><![CDATA[GoPro: Backyard Trick Shot - Golf: http://t.co/3bmezUwUc1 via @username		]]></document>
	<document><![CDATA[I just entered to #win : "OnePlus One (64GB) Black". Enter the #giveaway here: http://t.co/ODtHA5QGwh		]]></document>
	<document><![CDATA[mZuck is the GUY !!
Business Cards of 8 very famous people | Can you spot  all of these? http://t.co/iPe2ezB1mH via @username		]]></document>
	<document><![CDATA[Would You Survive A Heart Attack In India? This Video Shows Why You May Not. http://t.co/J4Uj130aVY via @username		]]></document>
	<document><![CDATA[Warning Prompts I Wish My Computer Gave Me http://t.co/f4UukQC5iE via @username		]]></document>
	<document><![CDATA[@username waiting for invites.. its 24 hour now		]]></document>
	<document><![CDATA[Warning Sign: On your deathbed you will regret every second of your life spent in this conference room. http://t.co/Ss7ytj24cR		]]></document>
	<document><![CDATA[I'm worried how I'm going to fit the 15 minutes of work I actually do into this four-day workweek. http://t.co/2lK9TZ8lGp via @username		]]></document>
	<document><![CDATA[A summer internship is a great way to learn how people at a company pretend to work. http://t.co/jjF4R37Fuh via @username		]]></document>
	<document><![CDATA[Ash Blows Gary's Mind http://t.co/6FM252etRX via @username		]]></document>
	<document><![CDATA[Brock And Officer Jenny Make It Facebook Official http://t.co/1POPUyEDIB via @username		]]></document>
	<document><![CDATA[Always #LikeAGirl: http://t.co/XfBnl8s3mq via @username		]]></document>
	<document><![CDATA[Gamebook: 6 More Pokemon Status Updates http://t.co/KYS4uaNRc1 via @username		]]></document>
	<document><![CDATA[5 Pokemon Facebook Updates http://t.co/EFIUG6zYJq via @username		]]></document>
	<document><![CDATA["Have I ever been in love? Ha ha… I was 14, she was in my class. We both were made to stand outside..." http://t.co/uQR3UFozTK		]]></document>
	<document><![CDATA[Life: Then and Now http://t.co/qRyhaXJlgn via @username		]]></document>
	<document><![CDATA[just a bad time....... and everything going wrong 
wish, that this really gets over		]]></document>
	<document><![CDATA[coming to Bangalore was worst move...		]]></document>
</author>