<?xml version="1.0" encoding="UTF-8" standalone="no"?><author id="a49c605b-81b9-463c-8e49-a9a6e06f3856" lang="en">
	<document><![CDATA[Thanks for following me! @username @username @username @username @username @username @username @username		]]></document>
	<document><![CDATA[Lol! @username: Google Doodle pays homage to 'Star Trek': http://t.co/QRnC0zNF		]]></document>
	<document><![CDATA[Learning the basic 5 fundamentals of the #UnFranchise Business System at the AMC in TS from Elizabeth Webber.		]]></document>
	<document><![CDATA[Lol! "@username: Makes a sighing noise whenever it passes older iPhones http://t.co/58gS5Wnq #iPhone5Features"		]]></document>
	<document><![CDATA[It makes a few interesting points// Will Apple’s Tacky Software-Design Philosophy Cause A Revolt? http://t.co/TNAZzO0R via @username		]]></document>
	<document><![CDATA[How To Use #Foursquare For Your #Business http://bit.ly/dg8POV		]]></document>
	<document><![CDATA[I uploaded a @username video http://t.co/EKvOfKgY Entrevista a Market America México		]]></document>
	<document><![CDATA[Lots of good stuff! http://t.co/IRwECleQ http://t.co/cNCFOdwr		]]></document>
	<document><![CDATA[http://t.co/TiqUd70T NutriClean&reg; 7-Day Cleansing System		]]></document>
	<document><![CDATA[Without financial education your money flows to those who profit most from your financial ignorance. Robert kiyosaki http://bit.ly/shootcows		]]></document>
	<document><![CDATA[.@username as your constituent, I ask that you please support S.3609 IRFA http://t.co/aNjELvMr #FairNetRadio		]]></document>
	<document><![CDATA[I'm going to try this one. http://t.co/4qZOmKZ4		]]></document>
	<document><![CDATA[This is so cool! http://t.co/g1ZDvV2M		]]></document>
	<document><![CDATA[This new facebook ads are so annoying! I get it, you need to make money some way. But come on!		]]></document>
	<document><![CDATA[This is so hilarious! http://t.co/E54rzm9k		]]></document>
	<document><![CDATA["Only those who can see the supernormal can learn to silence the reptile" Wow! Great comic!... http://t.co/3GCVTciQ		]]></document>
	<document><![CDATA[That's right! “@username: Got more exciting news coming at you tonight! #championblend” http://t.co/r8O546fE		]]></document>
	<document><![CDATA[RT @username Please use 911 only for emergencies. Call 311 or text 311692 to report flooding or power outages #Sandy #NYC #fb		]]></document>
	<document><![CDATA[A little advice for tonight guys! lol http://t.co/DD675b7K		]]></document>
	<document><![CDATA[Entrepreneurs Set the Course for our Nation http://t.co/njo8paKE		]]></document>
	<document><![CDATA[I'm definitely getting one of these! http://t.co/wChxl5ss		]]></document>
	<document><![CDATA[@username @username Congratulations!		]]></document>
	<document><![CDATA[Just posted a photo http://t.co/g7pS4KYs		]]></document>
	<document><![CDATA[If people are trying to bring you down... http://t.co/PM9RMk02		]]></document>
	<document><![CDATA[Who's ready for some #cybermonday deals and #cashback?!! http//:http://t.co/2YgsehFF http://t.co/FO27mVRg		]]></document>
	<document><![CDATA[I uploaded a @username video http://t.co/OJy6Lu3S Robert Kiyosaki - Cashflow Quadrant		]]></document>
	<document><![CDATA[Great video about how leaders inspire action. http://umarketamerica.blogspot.com/2010/10/true-leaders-always-focus-on-why.html		]]></document>
	<document><![CDATA[@username both!		]]></document>
	<document><![CDATA[Motives in the News. Checkout http://t.co/atuCvAyR @username @username http://t.co/tu1Yvncb		]]></document>
	<document><![CDATA[I'll be using http://t.co/ZQbXMhD3 to track who unfollowed me #iosapp		]]></document>
	<document><![CDATA[Awesome! http://t.co/6OBupDDm now has an iPhone app #iosapp		]]></document>
	<document><![CDATA[Awesome! http://t.co/6OBupDDm now has an iPhone app #iosapp		]]></document>
	<document><![CDATA[What Freedom Are We Fighting For? Pt. 3/5 — Media Limitations and Manipulations | High Existence http://t.co/MprZnUgA		]]></document>
	<document><![CDATA[I posted a new photo to Facebook http://t.co/mDWKSCLc		]]></document>
	<document><![CDATA[Coke, Pepsi Used as Agricultural Pesticides by India Farmers | The Idealist Revolution http://t.co/YAsdUtHL		]]></document>
	<document><![CDATA["It’s Never Too Early for Young Professionals to Start Building Wealth"  http://t.co/aR6t8lXC good read		]]></document>
	<document><![CDATA["Fast Track to Problem Solving"  http://t.co/11q4F3VG good read		]]></document>
	<document><![CDATA[This is pretty scary: Nine foods you should never eat again | The Idealist Revolution http://t.co/YtBmlDft		]]></document>
	<document><![CDATA[Wow! 80% off Restaurant.com $25 Gift Certificates for $2. Use code: PUMPKIN http://bit.ly/codePUMPKIN #restaurant.com		]]></document>
	<document><![CDATA[80% off Restaurant. com $25 Gift Certificates for $2. Use code: PUMPKIN http://bit.ly/codePUMPKIN #restaurant.com		]]></document>
	<document><![CDATA[Private Zuckerberg Family Moment Inadvertently Made Public Thanks to Facebook http://t.co/Vw8uwNPy #privacy		]]></document>
	<document><![CDATA[The salmon struggle: A fish by any other color is just not natural - http://t.co/rLBFx7mC http://www.http://t.co/ZZsr4E7R		]]></document>
	<document><![CDATA["Don’t Be A Control Freak: Why Entrepreneurs Need to Learn How to Share"  http://t.co/Q7X3mJ7p good read		]]></document>
	<document><![CDATA["How Automation in Excel Can Save You Time and Money"  http://t.co/ZTQIhPdM good read		]]></document>
	<document><![CDATA["5 Unconventional Tips for Finding and Following Your Passion"  http://t.co/Qizr3c9b good read		]]></document>
	<document><![CDATA["Essential Zen Habits of 2012"  http://t.co/1la7bWtZ good read		]]></document>
	<document><![CDATA[Where should you focus your energy this year? "Business Opportunities For 2013"  http://t.co/zepBFgCm good read		]]></document>
	<document><![CDATA["Tips For Capturing The Attention of Your Email List"  http://t.co/wPPT5rtH #email#marketing		]]></document>
	<document><![CDATA["Dear Today Show, Here's Why You Need to Know Social Media"  http://t.co/XlbPNabd		]]></document>
	<document><![CDATA[5 Ways to Improve Your Business in 2013 | Market America Blog http://t.co/uqEr0l2n #entrepreneur		]]></document>
	<document><![CDATA[Shop Consultant Spotlight Special Edition: @username http://t.co/k5Jewx1R Great tips for #Unfranchise owners! Thanks!		]]></document>
	<document><![CDATA[Make the New Year Remarkable with these Great Tips for Entrepreneurs http://t.co/xxmt2Bqy		]]></document>
	<document><![CDATA[I posted a new photo to Facebook http://t.co/nkNUDWF5		]]></document>
	<document><![CDATA[Lost of great info! 25 Documentaries Everybody Should Watch | High Existence http://t.co/ieRLTcjz		]]></document>
	<document><![CDATA[Who can give 6 reasons YOU WILL BE ABLE to retire? ARTICLE: 6 reasons you'll never retire - - MSN Money http://t.co/merPHQOz		]]></document>
	<document><![CDATA[Make the New Year Remarkable with these Great Tips for Entrepreneurs http://t.co/qivBtqEi @username Great article!		]]></document>
	<document><![CDATA[RT @username: Who is gonna watch us on Keeping up with the Kardashians tonight for season finale at 10pm on E... see all of us tonight		]]></document>
	<document><![CDATA[@username I wish I could.		]]></document>
	<document><![CDATA[I posted a new photo to Facebook http://t.co/zN2Wqjg7		]]></document>
	<document><![CDATA[Check out this exciting news
http://bit.ly/mawc2011Dist. Want more? Then send me a DM		]]></document>
	<document><![CDATA[Check this great news http://bit.ly/mawc2011dist Find out more. Send me a DM.		]]></document>
	<document><![CDATA["What Facebook Should Be Building"  http://t.co/VSycYLRY		]]></document>
	<document><![CDATA[Hanging out with Dennis and Alice at starbucks.		]]></document>
	<document><![CDATA[I posted a new photo to Facebook http://t.co/29htFCHt		]]></document>
	<document><![CDATA[How To Be A Super-Achiever: The 10 Qualities That Matter - Forbes http://t.co/tzBQZSlV		]]></document>
	<document><![CDATA[I posted a new photo to Facebook http://t.co/PqaMliLm		]]></document>
	<document><![CDATA[I posted a new photo to Facebook http://t.co/LX6BuAJL		]]></document>
	<document><![CDATA[I posted a new photo to Facebook http://t.co/n52fTbcj		]]></document>
	<document><![CDATA[Lol! "10 People Annoyed That Inauguration Poem Didn’t Rhyme"  http://t.co/5SAI0Sy2		]]></document>
	<document><![CDATA[I liked a @username video from @username http://t.co/lQIKLU4W LEARN TO SAVE $$$ ON YOUR TAXES!!		]]></document>
	<document><![CDATA[R u an #entrepreneur? Learn from #milliondollarclub earners & #unfranchise owners @username w/ these #videos... http://fb.me/MHINYtP7		]]></document>
	<document><![CDATA[7 Powerful and Amazingly Motivational #Quotes from #Zig Ziglar http://bit.ly/ZigsQuotes		]]></document>
	<document><![CDATA[#Success is something you must always pay in advance		]]></document>
	<document><![CDATA[I posted 2 photos on Facebook in the album "Conferencia Mundial Miami 2013" http://t.co/bLwiSBh6		]]></document>
	<document><![CDATA[I posted 2 photos on Facebook in the album "Conferencia Mundial Miami 2013" http://t.co/pFEKZysQ		]]></document>
	<document><![CDATA[Market America Mexico Overview: http://t.co/slk75XGh via @username		]]></document>
	<document><![CDATA[¿Te Atreves a Son?ar?: http://t.co/TgVJjNf4 via @username		]]></document>
	<document><![CDATA[I posted a new photo to Facebook http://t.co/59860T3i		]]></document>
	<document><![CDATA[9 Business Books That Will Change Your Life | LinkedIn http://t.co/gLlPmz0N		]]></document>
	<document><![CDATA[This is so cool! It's easy to miss something you are not looking for. http://t.co/cDzkZMH9Ih		]]></document>
	<document><![CDATA[I posted a new photo to Facebook http://t.co/ozzkSftIYh		]]></document>
	<document><![CDATA[I ? Network Marketing...		]]></document>
	<document><![CDATA[I posted a new photo to Facebook http://t.co/4sEhrIC855		]]></document>
	<document><![CDATA[I favorited a @username video from @username http://t.co/OGbaaXHufd Motivations		]]></document>
	<document><![CDATA[I posted a new photo to Facebook http://t.co/unYunMRWZf		]]></document>
	<document><![CDATA[I just unlocked the "Zoetrope" badge on @username for checking in to movie theaters! #FilmBuff http://t.co/XkU9kpuI20		]]></document>
	<document><![CDATA[Having an Old Brown Dog ale with my brown dog. Perro borracho! http://t.co/bt9fRzcH9k		]]></document>
	<document><![CDATA[I posted a new photo to Facebook http://t.co/tGmUcxT4qC		]]></document>
	<document><![CDATA[Im doing it! @username: This is your chance to win a Nexus 7 Tablet from @username! - Follow this link for the det.. http://t.co/Tq41TdE4SD		]]></document>
	<document><![CDATA[Just posted a photo http://t.co/ju20U89HuE		]]></document>
	<document><![CDATA[The Art of Good Business http://t.co/hcKUsCjwbg		]]></document>
	<document><![CDATA[The 10X Rule. Great audiobook! http://t.co/i2GIJvZz6T		]]></document>
	<document><![CDATA[I posted a new photo to Facebook http://t.co/oA7rgCjW5O		]]></document>
	<document><![CDATA[Just posted a photo http://t.co/4tTpdrorap		]]></document>
	<document><![CDATA[Dinner with the fam. @username Ariyoshi Japanese Restaurant http://t.co/HdvUWo0yPR		]]></document>
	<document><![CDATA[I posted a new photo to Facebook http://t.co/QtWwKDEhTK		]]></document>
	<document><![CDATA[I posted a new photo to Facebook http://t.co/FWrNd7I1kH		]]></document>
	<document><![CDATA[I posted a new photo to Facebook http://t.co/Y7BupfyUV1		]]></document>
	<document><![CDATA[I uploaded a new video to my Youtube channel. http://t.co/4LFpXf6BTI		]]></document>
	<document><![CDATA[I posted a new photo to Facebook http://t.co/CyFVtPHdUz		]]></document>
</author>