<?xml version="1.0" encoding="UTF-8" standalone="no"?><author id="a71c93ed-a929-4f59-8728-6639a6d31975" lang="en">
	<document><![CDATA[On my very last Nerve!		]]></document>
	<document><![CDATA[I am nothing and I have nothing but Allah!		]]></document>
	<document><![CDATA[...from the corner of my dreams!		]]></document>
	<document><![CDATA[Masha Allah! @username: Then, you have everything . "@username: I am nothing and I have nothing but Allah!		]]></document>
	<document><![CDATA[Stay relaxed, be at peace, without anxieties, be in conversations that makes sense. Happy...		]]></document>
	<document><![CDATA[We ask for nothing but will give everything if we have to.		]]></document>
	<document><![CDATA[Be kind, no matter what... It's a priceless legacy to leave behind.		]]></document>
	<document><![CDATA[When the waves of trouble looks beautiful in the sky...		]]></document>
	<document><![CDATA[Not a witch... Merely bewitching...		]]></document>
	<document><![CDATA[Lol! @username: “@username: When the waves of trouble looks beautiful in the sky...” Toh fa,kaji zaurance da Turanci.”		]]></document>
	<document><![CDATA["discombobulated" ????		]]></document>
	<document><![CDATA[The word itself got me discombobulated ?????????????		]]></document>
	<document><![CDATA[Lmao I know right ???????????? @username: Turanci ???????????? "@username: "discombobulated" ????"”		]]></document>
	<document><![CDATA[Lol! About? @username: Same here @username: "discombobulated" ????”		]]></document>
	<document><![CDATA[Hahaha @username: Being discombobulated @username: Lol! About? @username: Same here @username: "discombobulated" ????”		]]></document>
	<document><![CDATA[But I said me ???? @username: Let's switch???? "@username: Would love to be a male version of me for a weeks ????"”		]]></document>
	<document><![CDATA[LOL @username: “@username: Would love to be a male version of me for a weeks ????”as inFirdausiyi?”		]]></document>
	<document><![CDATA[@username: Would love to be a male version of me for a week ????		]]></document>
	<document><![CDATA[I know right ???????????? @username: "Smh! Imaginations @username: @username: Would love to be a male version of me for a week ????"”		]]></document>
	<document><![CDATA[?????????@username: Abuja boys. Aka white trad gang. Mercedes driving. Gucci slippers wearing. Oud smelling. No money for pocket. Packaging.		]]></document>
	<document><![CDATA[15mins ???? @username: How long after arriving at someone’s house is it appropriate to ask for the WiFi password? ????”		]]></document>
	<document><![CDATA[Lmao Mérci @username: Starter Pack, Come take my wears! "@username: Would love to be a male version of me for a weeks ????"”		]]></document>
	<document><![CDATA[Sadly ???? @username: We all are. "@username: Addicted to my phone"”		]]></document>
	<document><![CDATA[It is @username: Its really annoying "@username: Sadly ???? @username: We all are. "@username: Addicted to my phone"”"”		]]></document>
	<document><![CDATA[But I did not see this scene na ???? @username: Divergent. http://t.co/pA0TurcvzN”		]]></document>
	<document><![CDATA[@username it is for me, I wish I wasn't. And yes, I pray that NEVER happens too ????		]]></document>
	<document><![CDATA[Lmao @username: 3mins :) "@username 15mins ???? "@username: How long after arriving at someone’s house is it appropriate to ask for the WiFi		]]></document>
	<document><![CDATA[You may have wrongly judged someone based others encounter with them but when you encounter them, they are better than your expectations.		]]></document>
	<document><![CDATA[Abi o ???? @username: @username @username @username @username The longer the wait, the more awkward it becomes. Haha just ask”		]]></document>
	<document><![CDATA[Do they know that "one is too good"? @username:If she’s too good for you, my God, don’t leave her.Make an effort to be good enough instead		]]></document>
	<document><![CDATA[How can people hate themselves so much to call their own person ugly? I hate the word ugly on any of Gods creation. God's work is perfection		]]></document>
	<document><![CDATA[People can only have "Ugly personalities" mostly created by themselves and in their head! 
We are all VERY PERFECT!		]]></document>
	<document><![CDATA[???? @username: @username Preach my sister , Preach.”		]]></document>
	<document><![CDATA[I don't even like school but I love the idea of exams, it's the only time I want to know EVERYTHING in a few minutes ????????????		]]></document>
	<document><![CDATA[In boarding houses we will say bush babies ???????? @username: Stupid cats won't stop wailing or whatever it is they do. Kmt”		]]></document>
	<document><![CDATA[I can imagine! We attributed every strange sounds to witches & bush babies =)) :'( @username		]]></document>
	<document><![CDATA[Evu pipo ????????????????? @username: China invented exams.”		]]></document>
	<document><![CDATA[Kai, sorry o! She shld have allowed u for a yr =)) @username: I wanted that experience but my mum wasn't a fan of boarding schools		]]></document>
	<document><![CDATA[!!! @username: Ifunanya, more than a friend is next.”		]]></document>
	<document><![CDATA[You make it look it's magic ???? @username: Earned it - The Weeknd”		]]></document>
	<document><![CDATA[It's a song you fall in love with the first time you listen to it @username: @username Cause I see nobody, nobody but you, you, you.”		]]></document>
	<document><![CDATA[I know ???? @username: @username So in love ????”		]]></document>
	<document><![CDATA[I thought the bible also prohibits it? @username: Well he is a good Muslim and Iam sure he wouldn't want me to drink alcohol :( .. one reas		]]></document>
	<document><![CDATA[Something about this face makes me very happy ?? http://t.co/iGhiLmR1PK		]]></document>
	<document><![CDATA[Lol @username: @username @username add me on bbm pin 7ff0f2cb. On whatsapp 08165289773”		]]></document>
	<document><![CDATA[Love is a continuous process.		]]></document>
	<document><![CDATA[?? @username: #True "@username: Love is a continuous process."”		]]></document>
	<document><![CDATA[Yessssss ???????????????? @username: I WILL LOOK FOR YOU, I WILL FIND YOU, AND I WILL EAT YOU http://t.co/VYzkBuIozX”		]]></document>
	<document><![CDATA[There is beauty in the smallest of things only if we look close enough...		]]></document>
	<document><![CDATA[Collecting moments and never giving up on my dreams..		]]></document>
	<document><![CDATA[I don't even know if I will look good for my wedding or not, until then ???? I must say some of these brides look so busy ? #Sorry!		]]></document>
	<document><![CDATA[Allah Ya tsare, Ameen @username: I have been having weird dreams about boko haram lately.”		]]></document>
	<document><![CDATA[No Ordinary Love - Sade Adu		]]></document>
	<document><![CDATA[Managing and Financing Urban Infrastructure - YouTube https://t.co/v1oehhIfG9		]]></document>
	<document><![CDATA[???? @username: Very much so! “@username: Sade Adu is VERY beautiful…””		]]></document>
	<document><![CDATA[You give me that sweetest taboo ????		]]></document>
	<document><![CDATA[Abi o @username: iThink she's also found the fountain of youth . "@username: Hahaha "booharee: Bae . "@username: Sade Adu is VERY beautiful		]]></document>
	<document><![CDATA[!!! @username: The real heroes here are the ones that still answer that Bobo ayedee”		]]></document>
	<document><![CDATA[Nawa o! @username: We are sorry, sip some salt 4 the pain @username: !!! @username: The real heroes here are the ones that still answer		]]></document>
	<document><![CDATA[I don't follow him and I just don't like seeing some of you RT his stupidity on my tl! It's really annoying ????		]]></document>
	<document><![CDATA[Abun huashi @username: You sabi "@username: I don't follow him and I just don't like seeing some of you RT his stupidity on my tl!		]]></document>
	<document><![CDATA[Lmao! We won't even take it there today! ???? @username ? @username: @username who? Who ? DM ????”		]]></document>
	<document><![CDATA[Nothing I know of at the mo o! ????@username: @username what has he done again ?”		]]></document>
	<document><![CDATA[Cos he's annoying ???????? @username: @username Everyone is on his case ne. Just checked his tweets.”		]]></document>
	<document><![CDATA[Abegy! @username: Ayeedee the don @username I don't follow him and I just don't like seeing some of you RT his stupidity on my tl! It's		]]></document>
	<document><![CDATA[A lot of people don't get Jazz Music...		]]></document>
	<document><![CDATA[Lmao these people hate being black so baddd ???????????????? @username: http://t.co/Yag1pgj3ET”		]]></document>
	<document><![CDATA[VERY BEAUTIFUL ???? @username: Wow cute!! "@username: Tjo! RT @username: Miss South Sudan 2013 http://t.co/wDQm0ltQS3		]]></document>
	<document><![CDATA[?? @username: “@username: A lot of people don't get Jazz Music...” Cc: @username”		]]></document>
	<document><![CDATA["Uniquely beautiful" she is beautiful, Kai ?@username: Black is beautiful . But not that kind of black please . That's like charcoal black		]]></document>
	<document><![CDATA[Lol! We understand beauty different I guess @username: @username if I see that kind of person in real life , I'll freak . Kai no please		]]></document>
	<document><![CDATA[There's a lot of confidence in this face! That is certainly beautiful ???????? http://t.co/ZmnLdUz3QY		]]></document>
	<document><![CDATA[???? @username: @username Obviously .”		]]></document>
	<document><![CDATA[She sure is @username: @username I agree with you she is. I saw a close up picture of her and she looks great!!”		]]></document>
	<document><![CDATA[Sosai @username: There's confidence! “@username There's a lot of confidence in this face! That is certainly beautiful ???????? http://t.co/ZmnLdUz3QY		]]></document>
	<document><![CDATA[Yes in sha Allah @username: Will Muhammadu Buhari be Nigeria's next president? - http://t.co/itlTUIsbLH”		]]></document>
	<document><![CDATA[Happy birthday! Allah's khair!@username: Happy Birthday to me.. http://t.co/n9uirs1JCp”		]]></document>
	<document><![CDATA[The thoughts in my head are constantly beautiful.. It's a default setting... 
Never gets ugly in there ????????		]]></document>
	<document><![CDATA[He looks like Hugh Jackman ????@username: Clint Eastwood, Rome, 1960s http://t.co/1sR5Z3jwgd”		]]></document>
	<document><![CDATA[Enya | In your shore..		]]></document>
	<document><![CDATA[Hahaha thanks @username: “@username: Enya | In your shore..” I like ur good taste in music ????"		]]></document>
	<document><![CDATA[Oh really? Nice! Kenny G is the KING of jazz to me,lol @username he_Afrocentric: @username @username he understands jazz music, Kenny G's pr		]]></document>
	<document><![CDATA[The Moment | Kenny

Reminds me a lot of my childhood.. it was interesting..		]]></document>
	<document><![CDATA[Forever in love | Kenny G		]]></document>
	<document><![CDATA[Nice! "May it be" tops my list @username: One of my favorites. After Deora Ar Moi Chroi and Orinoco Flow... RT @username Enya | Wild Child"		]]></document>
	<document><![CDATA[Niceeee! Same here @username: @username I love lazy days, Amarantine, Sumiregusa, march of the celts, what child is this too...		]]></document>
	<document><![CDATA[Enya | Hope has a place		]]></document>
	<document><![CDATA[It's 3 demn hours demn it! Tired of watching sef..		]]></document>
	<document><![CDATA[Lol, sounds scary! @username: Please,anyone knows where i can find a man like Jesse ward? Psychotically jealous and neurotically control fr		]]></document>
	<document><![CDATA[Why am I up at 6am? ????		]]></document>
	<document><![CDATA[Aye! Ah Ahn! No thanks ????????? @username: Trust me you'd love it???????????? “@username Lol, sounds scary! @username Please,anyone knows where i can find a		]]></document>
	<document><![CDATA[So we no both get life ey? Abeg o! ?????@username: U no know better thing sef???????? “@username: Aye! Ah Ahn! No thanks ????????? @username: Trust me		]]></document>
	<document><![CDATA[See ehn! Snap outta that novel already ????? @username: Ayeee???? typical Nigerian lady????? “@username So we no both get life ey? Abeg o! ?????@username:		]]></document>
	<document><![CDATA[No no! I am a good friend o. I want you to dream reasonably, within the expectations of an "normal man" @username not mediocre but... ????????????		]]></document>
	<document><![CDATA[Sure moved me,when "I read" or mostly watch such lines,makes me smile.. We get close to them in reality but reality na open eye @username ????		]]></document>
	<document><![CDATA[Lmao AMEN ????????! U go girl ????????@username: @username just go away????will get back at ya when i find my improvised 'Jesse Ward'. Chasing my dreams????????”		]]></document>
	<document><![CDATA[LWKMD! MashaAllah! He is the man if my beautiful reality ???????????? @username: @username i see why you not bothered????u have a near perfect nigga,shift?????		]]></document>
	<document><![CDATA[I just land in Europe Nigga ????????@username: Caption This.. http://t.co/8A4ibUJunq”		]]></document>
	<document><![CDATA[It's not like it's even a Sharuk Khan movie o ????

Akshay Kumar is just okay ????		]]></document>
	<document><![CDATA[The love & remembrance of Allah (SWT) keeps your heart lighter, peaceful and very happy.
Alhamdulillah ala niimatul Islam.		]]></document>
</author>