<?xml version="1.0" encoding="UTF-8" standalone="no"?><author id="da306d3f-2c6f-467e-8752-b8f683ba5e9c" lang="en">
	<document><![CDATA[!!! @username: Honestly 80 percent of us haven't gotten our PVCs. Shhhh”		]]></document>
	<document><![CDATA[A nightmare dressed in daydream ????		]]></document>
	<document><![CDATA[???????? @username: “@username: Seriously craving waina/masa ????” and I alkubus ????”		]]></document>
	<document><![CDATA[Yup @username: Blank space ? @username: A nightmare dressed in daydream ????”		]]></document>
	<document><![CDATA[Hahahaha ???? @username: Yaay!... i always know there's something about Pizza ????.... @username @username: A slice of pizza can effectively		]]></document>
	<document><![CDATA[Hahaha @username: You sabi good thing @username: Yup @username: Blank space ? @username: A nightmare dressed in daydream ????”		]]></document>
	<document><![CDATA[Tell me tell me something I don't know ????		]]></document>
	<document><![CDATA[Na'am @username: Fido! @username Hahaha @username: You sabi good thing @username_garba: Yup @username: Blank space ? @username_garba: A nightmare dressed i		]]></document>
	<document><![CDATA[Lol ok @username: Ronaldo is beta than messi @username”		]]></document>
	<document><![CDATA[Lmao @username: Lmao... twitter sha... @username: Ronaldo is beta than messi @username”		]]></document>
	<document><![CDATA[Hehehe @username: "@username: Lol ok @username: Ronaldo is beta than messi @username”" Must be coming from a GEJ fan...”		]]></document>
	<document><![CDATA[A consistency someone can cling to.		]]></document>
	<document><![CDATA[The delicious rush of joy...		]]></document>
	<document><![CDATA[Here, lol @username: Where ? @username: The delicious rush of joy...”		]]></document>
	<document><![CDATA[The magic is here..		]]></document>
	<document><![CDATA[Gonna need so much of that to fix this ????		]]></document>
	<document><![CDATA[Plunged into abyss..		]]></document>
	<document><![CDATA[Allah ko, lol @username: Kinsan kin iya settings lol @username: Here, lol @username: Where ? @username: The delicious rush of joy...”		]]></document>
	<document><![CDATA[Hahaha Masha Allah, thank @username: @username ahaba konfam now... it however doesn't make you short of being wonderful.”		]]></document>
	<document><![CDATA[???????? @username: i hate looking ugly the first time i meet someone like wait i can do better than this i swear”		]]></document>
	<document><![CDATA[Pills and portions ????????		]]></document>
	<document><![CDATA[Lol, hands u water ko @username: “@username: Pills and portions ????????” ama need dem drugs after looking at ur avi! ????????????????????		]]></document>
	<document><![CDATA[Jamming old school with @username ???? Nostalgic!		]]></document>
	<document><![CDATA[???? @username: ???????? "@username: Jamming old school with @username ???? Nostalgic!"”		]]></document>
	<document><![CDATA[I see your true colors shining through ????		]]></document>
	<document><![CDATA[...always starts with the eyes.		]]></document>
	<document><![CDATA[...I was lost and you rescued me somehow...		]]></document>
	<document><![CDATA[Lol, yes @username: GPS? "@username: ...I was lost and you rescued me somehow..."”		]]></document>
	<document><![CDATA["Almighty God who put our soul in our brain" ????????????		]]></document>
	<document><![CDATA[Give me love - Ed Sheeran ????		]]></document>
	<document><![CDATA[Cause lately I've been craving for me ???? @username: Give me love like never before....“@username: Give me love - Ed Sheeran ????””		]]></document>
	<document><![CDATA[???? @username: "Paint splattered teardrops on my shirt... @username: Give me love like never before....“@username Give me love -		]]></document>
	<document><![CDATA[Alhamdulillah for a good day, Astagfirullah for the in between.		]]></document>
	<document><![CDATA[It takes a lot of work to be great...		]]></document>
	<document><![CDATA[I embark on life, my path is all math @username: Ancient wisdom valuable like gifts of gold.”		]]></document>
	<document><![CDATA[There will always be many people around during your triumph but just a few when you fall.		]]></document>
	<document><![CDATA[Lol! I thought ya'all left this in 2014 ???????????????? @username: Beardless guys are women to me .lol”		]]></document>
	<document><![CDATA[????????????????????????????. @username: Beardless guys are women to me .lol”		]]></document>
	<document><![CDATA[Oh darling my heart's on fire ????		]]></document>
	<document><![CDATA[Hehehe thank you @username: RT *calling fire service* @username: Oh darling my heart's on fire ????”		]]></document>
	<document><![CDATA[Magic - Cold Play		]]></document>
	<document><![CDATA[A professional mistake maker.		]]></document>
	<document><![CDATA[Oh nice, it's awesome ?? @username: One of my favorite songs of 2014 @username: Magic - Cold Play”		]]></document>
	<document><![CDATA[Is tough! @username: The devil within!”		]]></document>
	<document><![CDATA[U know ? @username: Jam "@username: Magic - Cold Play"”		]]></document>
	<document><![CDATA[Four seasons - Boys II men		]]></document>
	<document><![CDATA[Very! Allah Ya cigaba da taimakon mu, Ameen Ameen @username: Hard to conquer Fido @username Is tough! @username: The devil within!		]]></document>
	<document><![CDATA[Hahaha abi @username: ... of Loneliness . "@username: Four seasons - Boys II men"”		]]></document>
	<document><![CDATA[Am serious tho @username: Lols be nice "@username: Wa ye shi? @username: Mala'ikan Malo girls. Korede Bello”"”		]]></document>
	<document><![CDATA[Hahahaha @username: *pushingyoutwounderthemistletoe* @username: Hahaha abi @username: ... of Loneliness . "@username: Four seasons - Boys II men”		]]></document>
	<document><![CDATA[Oh nice! Thanks dear ?? @username: @username he is in mavins.. He sounds like a girl, nd girls luv him”		]]></document>
	<document><![CDATA[In sha Allah! Great, thanks @username: @username be part of this :) "@username: Public Financing Of Infrastructure Will Gulp N26.9trn In 5 Years		]]></document>
	<document><![CDATA[Ameen Ya Rahman @username: May the souls of our dearly departed be at peace .”		]]></document>
	<document><![CDATA[Kapish ??@username: Girls should be treated like a queen. ????”		]]></document>
	<document><![CDATA[I agree ???? @username: And boys like kings. "@username: Kapish ??@username: Girls should be treated like a queen. ????”"”		]]></document>
	<document><![CDATA[EXACTLY ?? @username: @username @username LOL! Treat her like a queen and she'll def treat you like the baddest king that ever liveth”		]]></document>
	<document><![CDATA[Yup ?? @username: @username @username and vice versa :)”		]]></document>
	<document><![CDATA[???? @username: 25-year-old man arrested for raping great grandmother in Ekiti http://t.co/uyo9Bq0X7K via @username”		]]></document>
	<document><![CDATA[Lmao Ikr ???????????? @username: The day you look like garbage, that's the one day you see everyone you know ????”		]]></document>
	<document><![CDATA[Why na? @username: This dude is getting married, plenty girls would be weeping now...”		]]></document>
	<document><![CDATA[Lmao ko ba heff ????@username:@username Why na? @username: This dude is getting married, plenty girls would be weeping now. http://t.co/Nn1FRJaF53		]]></document>
	<document><![CDATA[So is Firdaus ???????? @username: Well Hauwa is always lazy”		]]></document>
	<document><![CDATA[Whenever you feel like dancing, you don't have to dance alone ????		]]></document>
	<document><![CDATA[Allah Ya sawaqe, Ameen @username: My head hurts”		]]></document>
	<document><![CDATA[At all ???? @username: “@username: So is Firdaus ???????? @username: Well Hauwa is always lazy””we can't be bothered ????”		]]></document>
	<document><![CDATA[Take a deep breath... Exhale ??		]]></document>
	<document><![CDATA[What a pleasant surprise, like Oh my God!		]]></document>
	<document><![CDATA[Thank you @username and @username you both rock!!! ????		]]></document>
	<document><![CDATA[Lies, he turned 72 this year! Mchew @username: @username: @username  @username @username:  #OURGEJ  " http://t.co/Ena5aZY5Ha		]]></document>
	<document><![CDATA[Lies!GMB turned 72 last yr, Mchew @username: "@username: @username  @username @username:  http://t.co/Ena5aZY5Ha		]]></document>
	<document><![CDATA[?????????? @username: Na so baby! No thanks... "@username: Thank you @username and @username you both rock!!! ????"”		]]></document>
	<document><![CDATA[?????? @username: Na you rock pass oh! Lol "@username: Thank you @username and @username you both rock!!! ????"”		]]></document>
	<document><![CDATA[no more lies! @username: Elrufai said dis wen?Buhari just turned 72!  @username: @username @username @username @username		]]></document>
	<document><![CDATA[The helplessness of the people in the NE & the insensitivity of GEJ is Unimaginable/unthinkable! 
Have mercy Ya Allah!
#EndGEJ #EndBH!		]]></document>
	<document><![CDATA[I AM NOT! @username: We are sorry. “@username: Problem of Nigeria >> Muslims””		]]></document>
	<document><![CDATA[I AM NOT SORRY for being a Muslim, will never be. The actions of some misguided idiots will not make me apologize for your understanding.		]]></document>
	<document><![CDATA[I don't understand how the devil came in the name of God!		]]></document>
	<document><![CDATA[Teach your children about God, don't let them grow up empty, it is in the process of soul searching most get misguided by construed beliefs.		]]></document>
	<document><![CDATA[The people of the world need to collectively teach their children how to be better humans more than how they need to be successful.		]]></document>
	<document><![CDATA[You cannot be for God without your humanity, preach the doctrine of humanity before that of prosperity or doom. 
Be a human first.		]]></document>
	<document><![CDATA[We can only imagine the terror in the NE as we cozy up in warm blankets ????
#WeDon'tHaveAPresident #GEJOUT #GMB15		]]></document>
	<document><![CDATA[There is no justification for any idiot insulting the Prophet (PBUH), just like killing doesn't explain how peaceful a creation he was.		]]></document>
	<document><![CDATA[Sadly we don't! Just one of many attacks he doesn't "give a demn" about @username: If we have a President in Nigeria, I expect		]]></document>
	<document><![CDATA[May Allah help us enlighten ourselves and forgive us for the things we do and say out if ignorance, Ameen.		]]></document>
	<document><![CDATA[Allah Ya musu rahama, Ameen @username: May the soul of the departed continue to rest in perfect Peace.. #1YearAlready #RIPFather”		]]></document>
	<document><![CDATA[The oozing swag from @username's new wardrobe no be small thing oh! ????		]]></document>
	<document><![CDATA[!!! @username: To Satan? “@username: Im sure Shekau is praying and fasting Buhari doesn't win the elections..””		]]></document>
	<document><![CDATA[Bari Kawai! Yana qokari @username: Na Amaechi dey pimp am "@username The oozing swag from @username's new wardrobe no be small thing oh! ????		]]></document>
	<document><![CDATA[Very good o! We likey! @username: Lmao tell me about it he looks gud a change from the baban Riga "@username The oozing swag from @username's		]]></document>
	<document><![CDATA[SubhanaAllahi wa bihamdihi, Allah (SWT) is free from imperfections.		]]></document>
	<document><![CDATA[That "ugly" dress is 25k? And someone will buy it ko? Ah! U people are "reash" sha..
"IG Couture designers" ????????
Ko ba bespoke ba ?		]]></document>
	<document><![CDATA[Some people are in so much pain that they cannot afford a smile. May Allah heal them and give them peace, Ameen.		]]></document>
	<document><![CDATA[My God!They are still on that GMB certificate controversy? Rising to the rank of a general, not today's general oh!? My God!!!		]]></document>
	<document><![CDATA[This is an insult on the Nigerian Army not GMB! Incumbency is not madness! However, we all know that they are MAD!		]]></document>
	<document><![CDATA[When GMB retired as a general, GEJ was somewhere in the uni studying zoology oh!! Is that what they call a certificate?! Issorai!		]]></document>
	<document><![CDATA[Shift Abeg ???????????????????????????????????????????????? @username: When my mum is narrating a tweet for @username to tweet her views????????????????????????”		]]></document>
	<document><![CDATA[Does that mean every general in Nigeria army (serving/retired) is an illiterate?????		]]></document>
	<document><![CDATA[Lmaooo nooo ???? @username: Guys she needs a twitter acct.. ???????? "@username: When my mum is narrating a tweet for @username to tweet her view		]]></document>
	<document><![CDATA[Upside, inside out, she's livin' lavida loca ????		]]></document>
	<document><![CDATA[OBJ, such a hypocrite!		]]></document>
</author>