<?xml version="1.0" encoding="UTF-8" standalone="no"?><author id="e5b59ccc-2053-4e8b-ba11-dfeeff92dd5d" lang="en">
	<document><![CDATA[@username @username ay friend, q te fumasteSSSS... Invita!		]]></document>
	<document><![CDATA[“@username: Yes it can!” q mas te hicieron?		]]></document>
	<document><![CDATA[“@username: @username guilty!” #fuertesdeclaciones!		]]></document>
	<document><![CDATA[“@username: No mams!!! 4 hrs n l trtaffic, 12 n la officce, l promedio d folios + alto y aun asi me chingan!!! No mams!! // ay ternuris!!!		]]></document>
	<document><![CDATA[From my #iPhone... RIP Steve Jobs		]]></document>
	<document><![CDATA[#MyFavoriteSongsEver : Disco down by @username		]]></document>
	<document><![CDATA[Ay si @username frienddddd!!! No sabes como me han hecho reír @username  @username		]]></document>
	<document><![CDATA[“@username: Euro Is 10 Years Old, but Few Are Celebrating http://t.co/YBZXlQr4” @username te acuerdas como lo celebramos???		]]></document>
	<document><![CDATA[Here's a list of the top travel destinations for next year ://t.co/0ZQrQZ3U” @username @username opciones para vac (yo ya conozco?)		]]></document>
	<document><![CDATA[“@username: Here's a list of the top travel destinations for next year. http://t.co/it8kwL7Y” @username @username		]]></document>
	<document><![CDATA[“@username: How to save your phone from water damage http://t.co/978c55v6” ojales nunca lo necesiten @username @username @username		]]></document>
	<document><![CDATA[“@username: @username lol about @username flooded handbag w/mobile inside @username #onlyyou @username // ashhhhh eso a cualquiera le pasa		]]></document>
	<document><![CDATA[Ready for San Antonio by @username #bestfares		]]></document>
	<document><![CDATA[“@username: Echa un vistazo a los hombres más calientes de Hollywood http://t.co/TCnAY13x - // nahhh falta matthew mcconaughey		]]></document>
	<document><![CDATA[Friend @username nice to see you on twt, keep in touch!		]]></document>
	<document><![CDATA[@username MEX - IAH also?		]]></document>
	<document><![CDATA[Ready to Houston by @username		]]></document>
	<document><![CDATA[@username was better alone, than now with @username		]]></document>
	<document><![CDATA[“@username: Looks like we’ll meet the #iPad 3 in early March http://t.co/hSc2pcUb via @username” fyi @username		]]></document>
	<document><![CDATA[@username esta es para ti #10cancionesparasanvalentinhttp://m.youtube.com/?rdm=4ozmbjqgd&reload=3#/watch?v=aUuKm0-dwsQ		]]></document>
	<document><![CDATA[Maybe in another life... ?		]]></document>
	<document><![CDATA[@username Thanks!!! You were my #100 follower. ????????		]]></document>
	<document><![CDATA[#CambiaElNombreDeUnaCancionPorChorizo: Rolling in the Chorizo - Adele		]]></document>
	<document><![CDATA[“@username:  A #London night out is the most exp in the world http://t.co/zibMbJuD” @username @username @username”// pus q incluye??		]]></document>
	<document><![CDATA[I got 3,354 points while escaping from demon monkeys in Temple Run. Beat that! http://t.co/1F1OHsh3		]]></document>
	<document><![CDATA[Playacar where the party never ends!!! http://t.co/74aQ1mBb		]]></document>
	<document><![CDATA[@username sorry. Sometimes you are not  right. Mex was the best in that match		]]></document>
	<document><![CDATA[Freaky freaky		]]></document>
	<document><![CDATA[#Momentos2012 thanks @username @username http://t.co/O5YiL9gA		]]></document>
	<document><![CDATA[Como diria @username. Word of the day: Intensear.
Y apenas es lunes ????		]]></document>
	<document><![CDATA[I'm at Tlaxco (Tlaxco, TLAX) http://t.co/h8xcCIYdjm		]]></document>
	<document><![CDATA[I'm at Attenti (Cuauhtémoc, DF) w/ 2 others [pic]: http://t.co/AGo4AELYcC		]]></document>
	<document><![CDATA[Pa comenzar la nite!! (at @username w/ 7 others) http://t.co/Ind1vU3xYj		]]></document>
	<document><![CDATA[I'm at Illy http://t.co/LIOZjmtfKE		]]></document>
	<document><![CDATA[I'm at Cantina La No. 20 Polanco (México, DF) w/ 5 others http://t.co/R6wZhYTz4A		]]></document>
	<document><![CDATA[Excelenteeee!! (@username Sonora Grill Prime - @usernamesonorag_prime w/ 7 others) http://t.co/DA1lNM2SXL		]]></document>
	<document><![CDATA[@username thanks but no thanks. Llevo solo 2 drinks!!		]]></document>
	<document><![CDATA[Ya aprendiste a usar el twiter @username???		]]></document>
	<document><![CDATA["@username: 42 beers & 2 whisky bottles & still stand up,  isn't @username @username @username"/// y hoy ??  Como estan		]]></document>
	<document><![CDATA["@username: Multitasking, #GalaxyS4 style. http://t.co/Ml46m8Ort1 http://t.co/fv4ovfX5ax" como se hace esto? @username @username		]]></document>
	<document><![CDATA[Rocc9 Rocksss!!! http://t.co/VKprTEzwmL		]]></document>
	<document><![CDATA[We tryed, but we coudnt!! @username		]]></document>
	<document><![CDATA[Mmmmmm leaving Las Vegas and back to real world!		]]></document>
	<document><![CDATA[Pretending nothing happens		]]></document>
	<document><![CDATA["@username: This is what an Italian restaurant built into an ocean side grotto. http://t.co/utAJU2kwKA" quiero ir aqui @username		]]></document>
	<document><![CDATA["@username: @username looks like my cup of tea... Vamos chica! X" mmmm q popiiiis!!! Ya te quiero ver :)		]]></document>
	<document><![CDATA["@username: @username como te lo dije!! #superpeso" when you are right, you are right :)		]]></document>
	<document><![CDATA["@username: At 47, a new entry from tequila central it's @username located in Mexico City #50BestBars"  i told you @username		]]></document>
	<document><![CDATA[#TheWalkingDead  T5... Woow!!		]]></document>
	<document><![CDATA["@username: Looking for the best places to live and work abroad? Take a look on // Good! http://t.co/BJHYU2QaoM http://t.co/ZJStjdbocZ"		]]></document>
	<document><![CDATA["@username: And the world’s favorite country is … #Germany? http://t.co/Y4kg49TMJM http://t.co/E6S7yoIrGu" // agree		]]></document>
	<document><![CDATA[Ay chente con whisky hasta tus canciones me las se http://yfrog.com/h26hitqj		]]></document>
	<document><![CDATA[@username I loved you show, the best I've ever seen! Please come back soon and sing Disco down for me!		]]></document>
	<document><![CDATA[@username: Honorable mention in Mexico City last night!!!! i-pod man!!!!  #AphroditeLive http://t.co/QLhNj8W” #soloenmexico		]]></document>
	<document><![CDATA[@username radiante! Jajaja You showed me how to survive!		]]></document>
	<document><![CDATA[“@username: “@username: gr8 buon compleanno per il mio amico Livio!! party was cool!” wer ar llu??” #juayderito jajajaja!		]]></document>
</author>