<?xml version="1.0" encoding="UTF-8" standalone="no"?><author id="099fa646-fece-4d66-bdfa-d9034a4dacb7" lang="it">
	<document><![CDATA[#FinanzaEtica RT @username: Microfinanza Campesina: la finanza al servizio delle grandi aspirazioni umane http://t.co/CoOMqi7s #BccEcuador		]]></document>
	<document><![CDATA[LOL RT @username: .@username vado a comprarlo subito, insieme a quello di Balotelli sulla castità.		]]></document>
	<document><![CDATA[RT @username: Diario dall'Ecuador: il racconto a quattro mani del 1° giorno  http://t.co/2yDv2rBg #BccEcuador		]]></document>
	<document><![CDATA[Abbiamo da imparare RT @username: #Donne soggetto del #credito, diritto acquisito grazie al movimento cooperativo in Ecuador #BccEcuador		]]></document>
	<document><![CDATA[La solidarietà ha riempito i piatti, il trattore ha lavorato ed in Sud Sudan crescono le spighe #tuDOVESEI12 #cefa http://t.co/nGSZclbl		]]></document>
	<document><![CDATA[cui prodest? RT @username: #Terremoto, #Gabrielli: “Gli emiliani si sono comportati meglio degli aquilani”  http://t.co/Rndqn6rD		]]></document>
	<document><![CDATA[Ari cui prodest? RT @username: @username: La risposta di @username alle parole di oggi di #Gabrielli alla stampa http://t.co/MzdDJzht		]]></document>
	<document><![CDATA[Accendo la tv e trovo #Dallas: ditemi che sto sognando #avolteritornano		]]></document>
	<document><![CDATA[Non bastava @username, ora anche @username mi seguono: più che sentirmi protetta temo che al prossimo temporale mi colpirà una saetta		]]></document>
	<document><![CDATA[@username ho lavorato sodo per essere una pecorella smarrita, tutta questa protezione non vorrei mi riportasse all'ovile :-) @username		]]></document>
	<document><![CDATA[Accendere la tv e fare zapping intorno a mezzanotte nuoce gravemente alla salute (solo intorno a mezzanotte?)		]]></document>
	<document><![CDATA[Squallido Pozzetto testimonial #OroCash: insegna al figlio che è facile realizzare i desideri convertendo l'oro in contanti #idibibodibibù		]]></document>
	<document><![CDATA[@username Slovenia: ha tanti luoghi termali con attività e visite interessanti x bambini (Rogaska ha una piscina termale pubbl. grande)		]]></document>
	<document><![CDATA[5 borse di studio per tirocini formativi in aziende europee offerte da @username agli under 35 http://t.co/ub6gQooI #giovani #lavoro		]]></document>
	<document><![CDATA[Una buona notizia, sperando non inizi un rewind ma un fast forward MT @username: Four more years. http://t.co/dqWe5ASc		]]></document>
	<document><![CDATA[@username così è come se ci fossi stata, sento meno il dispiacere di non averlo potuto fare! A @username dico grazie @username		]]></document>
	<document><![CDATA[Lavoro 2.0 | Doppiozero http://t.co/ci2MJBRM		]]></document>
	<document><![CDATA[Firma la petizione per non soffocare l'azionariato popolare! | Banca Popolare Etica http://t.co/hJPtbnsy		]]></document>
	<document><![CDATA[@username :-) hai fatto anche il "battesimo del tweet" ormai sei lanciatissima @username		]]></document>
	<document><![CDATA[Cose per cui rimpiango di non avere più l'età: @username offre a 5 #giovani un'esperienza lavorativa in #Europa http://t.co/ub6gQooI		]]></document>
	<document><![CDATA[@username non sarà un messaggio del futurologo che ha appena visitato il tuo profilo? Fossi in te stasera mangerei leggero ;-)		]]></document>
	<document><![CDATA[Quando dietro un grande regista c'è una grande persona: Manifesto csr, by Ken Loach http://t.co/x44graT6		]]></document>
	<document><![CDATA[@username luci dei lampioni accese alle 10.50 a.m. in via Emilia da Pontevecchio al Bitone, le spegniamo?		]]></document>
	<document><![CDATA[«Il meglio dell’Italia deve lavorare con la cooperazione sociale» http://t.co/tSKegnWu via @username		]]></document>
	<document><![CDATA[Con #ilPapaSuTwitter in tutte le lingue del mondo #pariopportunità di redenzione non solo per pecorelle ma anche per uccellini smarriti		]]></document>
	<document><![CDATA[10 gg per un tweet?Ditegli che ha 140 caratteri! RT @username: Benedetto XVI su Twitter:il 12 dicembre il primo tweet http://t.co/QfGR46pU		]]></document>
	<document><![CDATA[@username io passo, ma solo perché non mi basterebbero 14.000 caratteri ;-)		]]></document>
	<document><![CDATA[@username più che assolvermi dammi una bella e duratura benedizione che nell'ultimo mese ho fatto il pieno di maledizioni e non solo		]]></document>
	<document><![CDATA[Belle idee da cui farsi contagiare: Santarcangelo di Romagna, manifesto per un Natale sostenibile http://t.co/KHxl1pnB cc @username		]]></document>
	<document><![CDATA[@username scrivi direttamente a @username e chiedi a lui i contatti...		]]></document>
	<document><![CDATA[@username bah! Account aperti solo per dar sfogo alla propria vanità e presenzialismo; rispondere è cortesia, qui o in altri luoghi		]]></document>
	<document><![CDATA[@username ricambio.		]]></document>
	<document><![CDATA[@username Ciao, nell'ultima frase della prefazione del pdf del manuale di buonsenso in rete "auguri... edizione 2012", dovrebbe essere 2013		]]></document>
	<document><![CDATA[@username figurati, grazie a te che metti a disposizione contenuti utili.		]]></document>
	<document><![CDATA[Lettera ai miei allievi: oggi hanno bocciato il maestro! - Alex Corlazzoli - Il Fatto Quotidiano http://t.co/IwamAtsZ via @username		]]></document>
	<document><![CDATA[Bus puntuale e vuoto in centro a #Roma, un miracolo che succede solo a #Natale!		]]></document>
	<document><![CDATA[@username però saliamo è una metafora gastronomica fondamentale		]]></document>
	<document><![CDATA[@username questa frase, se guardiamo ai precedenti, dice il contrario		]]></document>
	<document><![CDATA["Zia, posso crivere parole nuove co' tuo l'Iphone?"
No,sono irremovibile.
Lei seria: "Se non mi fai crivere non gioto più co' te, eh!"
Cedo!		]]></document>
	<document><![CDATA[Auguri per un 2013 pieno di positività, che non faccia mancare mai l'allegria sui visi e, soprattutto, nei cuori http://t.co/oR85QrZg		]]></document>
	<document><![CDATA[Stasera mi addormento con il Signor G. - Quando sarò capace d'amare http://t.co/jsTC1LFu #GiorgioGaber		]]></document>
	<document><![CDATA[Il fake è morto.Ci ha lasciato le penne [mentre il medium sta cambiando il messaggio e la pubblicità diventa femminile] http://t.co/td0MF2LM		]]></document>
	<document><![CDATA[(Saranno rapporti protetti?) RT @username: #Berlusconi: "Abbiamo ottimi rapporti con il Vaticano."		]]></document>
	<document><![CDATA[#asuainsaputa? RT @username: #Berlusconi:"Con l'attuale Papa ho uno stupendo rapporto"		]]></document>
	<document><![CDATA[La vita è altrove  [ma della vita vera, le persone "vere" ne parlano, e molto, anche su Twitter] - @username http://t.co/vtGQzIMn		]]></document>
	<document><![CDATA[Opportunità di lavoro: Community Manager & Digital PR presso Canali&c - Bologna, Italia http://t.co/LAPH8mxH		]]></document>
	<document><![CDATA[La crisi non esiste [idiozia, miseria interiore ed ignoranza per le quali non vi è rimedio, invece, esistono eccome] http://t.co/PcH4r3bA		]]></document>
	<document><![CDATA[La corruzione tiene in pugno l'Italia: chiedi 5 impegni ai candidati politici https://t.co/3xQ66WPI via @username		]]></document>
	<document><![CDATA[Io ho firmato la petizione di @username: Cambiamo la finanza per cambiare l'Italia! https://t.co/ic06dk7h		]]></document>
	<document><![CDATA[#quantocostailcaffèdate? Troppo! A #Bologna i bar fan cartello ad 1,10€; 1€ dai cinesi; #equosolidale e buono 0,90 (dic '12) @username		]]></document>
	<document><![CDATA[#quieora una bella serata a teatro :-)		]]></document>
	<document><![CDATA[E dopo il teatro aperitivo (fuori orario) in attesa di una pizza buona buona... Stasera vita da universitaria http://t.co/yrzEBI7x		]]></document>
	<document><![CDATA[Mani ancora doloranti per il lungo e forte applauso per #QuieOra @username e #ValerioAprea: bravissimi #clapclapclap		]]></document>
	<document><![CDATA[[atteso] MT @username: incontro interessante oggi con @username #azionariatopopolare finanza cooperativa e #finanzaetica cc @username		]]></document>
	<document><![CDATA[L’Aiart ritira la denuncia contro Corrado Guzzanti:ecco la lettera con cui ringrazia i 54mila firmatari della petizione http://t.co/uwkm79sF		]]></document>
	<document><![CDATA[Imparare a trollare serve sempre! - Cyberbullismo in Italia: ignoranza e ironia. I suggerimenti di @username http://t.co/0Ho9J8tQ @username		]]></document>
	<document><![CDATA[@username intanto bloccarlo/segnalarlo attraverso icona del profilo (vedi img)? @username @username @username http://t.co/l6hkElgg		]]></document>
	<document><![CDATA[@username in casi simili (arroganza+volgarità) a me aveva funzionato...hai tutta la mia comprensione @username @username @username		]]></document>
	<document><![CDATA[@username il vostro alter ego spagnolo: un equipo de persona y un perro (e guarda un po' che nome) http://t.co/XccPIQGk		]]></document>
	<document><![CDATA[@username già, di grande impatto! Comunque appena letto ho avuto immediata associazione con kitchen... merito del perro ;-)		]]></document>
	<document><![CDATA[@username tra noi useremo i pizzini! MT “@username: l’impatto ecologico di una mail è altissimo! #HostingSostenibile http://t.co/BFcw92kM		]]></document>
	<document><![CDATA[Seguendo via Twitter, vedo bene #HostingSostenibile come scelta di RSI per compensare impatto di comunicazione cc @username @username		]]></document>
	<document><![CDATA[@username dai dati presentati sembra di si; l'abuso di mail fa male ad efficienza organizzativa e ambiente; questione da approfondire.		]]></document>
	<document><![CDATA[(la bella sanità) 1 ora di attesa in poliambulatorio: sul sito scrivono "la nostra priorità è attenzione al cliente! #chiropratic #NEVERMORE		]]></document>
	<document><![CDATA[Io sostengo Non con i miei soldi e dono il mio account! http://t.co/0p7wcpcH via @username		]]></document>
	<document><![CDATA[Durex - SOS Condoms: una cosa è certa, questa #App lascerà molto soddisfatti tutti quelli che la provano! http://t.co/OmJb8Sif		]]></document>
	<document><![CDATA[++ @username su #Rai1 definisce così #Bcc e @username: sono banche "imprenditrici" non "prenditrici" cc @username @username		]]></document>
	<document><![CDATA[Boom di investimenti «etici» Un quinto di quelli mondiali - (Finanza etica o Sri) http://t.co/rJCMs8NF		]]></document>
	<document><![CDATA[Opportunità di lavoro: Export Area Manager presso BELLCO S.r.l- - Bologna, Italia http://t.co/XDgUMb7H		]]></document>
	<document><![CDATA[La Cooperazione e i candidati a Camera e Senato Vedute comuni e... http://t.co/eh2uS26b		]]></document>
	<document><![CDATA[Opportunità di lavoro: Revisione e Organizzazione Contabile - A presso Deloitte - Bologna, Italia http://t.co/ErGDjYSZ		]]></document>
	<document><![CDATA[@username avrai anche l' #ufficioincasa, ma sei in ogni dove! Noi donne, l’ufficio in casa e la community che... http://t.co/DmcsAh9p		]]></document>
	<document><![CDATA[Twitter e Facebook, svolta eCommerce: sui social si fa shopping e si invia denaro - Repubblica.it http://t.co/HXLIl0JZ via @username		]]></document>
	<document><![CDATA[(Flashmob anche a #Bologna http://t.co/T52Xi8lK) Il mondo balla contro la violenza sulle donne http://t.co/XnrsEzu8 via @username		]]></document>
	<document><![CDATA[Sicuri? @username sottostimata MT @username: Per chi se la fosse persa, la rilancio per chi non sta guardando Sanremo http://t.co/y6vZeiJC		]]></document>
	<document><![CDATA[RT @username: Social Minds: primo output dell’analisi Desk http://t.co/LZhxEzBU cc @username @username		]]></document>
	<document><![CDATA[@username ma non eri emigrata in Spagna per fuggire da #Sanremo? :-)		]]></document>
	<document><![CDATA[@username "mamma rai non ti lascia mai", aveva proprio ragione Renato Zero! :-)		]]></document>
	<document><![CDATA[@username abbiamo avuto lo stesso pensiero! Non vedo l'ora di candidarmi per metterlo nel CV,pare serva solo lì @username @username		]]></document>
	<document><![CDATA[@username con tutte le MASTERizzazioni che possiedi per il tuo CV servirebbero i rotoloni regina! @username @username		]]></document>
	<document><![CDATA[@username tu proponi che io mi iscrivo sulla fiducia, qualunque sia il tema sarà un master ameno :-) @username @username		]]></document>
	<document><![CDATA[@username non potrei mai con partner #IntesaSanPaolo: mente, cuore e persino corpo si rifiutano @username @username		]]></document>
	<document><![CDATA[L'uso dei social in azienda è un toccasana. Ecco perché - Il Sole 24 ORE http://t.co/xYdnOrA6 via @username		]]></document>
	<document><![CDATA[@username con quel partner non ci può essere "intesa" ;-) e poi sai che sono responsabile,non masterizzo random! @username @username		]]></document>
	<document><![CDATA[La #Lombardia, a pelle ed apparentemente senza ragione, mi è stata sempre sui #maroni: oggi finalmente ho capito il perché!		]]></document>
	<document><![CDATA[Ora si spiega il perché della visita di #Maradona in Italia: altro che fisco, la "mano de Díos" è venuto a fare l'inciucio #PapaFrancesco		]]></document>
	<document><![CDATA[@username una serata con te ed una birra, nonostante le sfighe, è sempre una gran bella serata. E che "bazzman" sia con te ;-)		]]></document>
	<document><![CDATA[Opportunità di lavoro: Social Media Manager Senior presso Ldb Advertising - Bologna, Italia http://t.co/R9uVkSCF1Y		]]></document>
	<document><![CDATA[Dovrebbe esserlo per tutti non solo x giovani MT @username: "BCC per voi deve essere l'acronimo di Banca Contro Corrente
#TerzoForumGS		]]></document>
	<document><![CDATA[Leggere di #Unicredit e #BancaMediolanum che parlano di #valori #trasparenza e #reputazione al #worldcomforum fa venire i brividi #paura		]]></document>
	<document><![CDATA[@username ma la app non permette di fare un bonifico oltre le 15? Impostando la data di domani non va avanti, é normale? Via mobile si fa		]]></document>
	<document><![CDATA[@username lo so bene che c'è il limite orario! Come ho scritto, ho inserito il giorno successivo ma non si è abilitato nessun pulsante		]]></document>
	<document><![CDATA[@username i campi erano tutti completi. Ormai ho fatto con sito mobile, vedremo la prossima volta.		]]></document>
	<document><![CDATA[Mimuovo a Bologna: la nuova piattaforma web mobile http://t.co/ImJqezFjqE		]]></document>
	<document><![CDATA[Un vaff* di cuore @username #trenitalia ed al #wifi @username ci vogliono 2 geni x una promozione che non va e impedisce la navigazione		]]></document>
	<document><![CDATA[@username grazie ma di nervoso ne ho abbastanza ed ora che ho recuperato la mia rete non voglio perdere altro tempo @username		]]></document>
	<document><![CDATA[Prime esperienze in Italia di bilanci "social": sociale x @username http://t.co/eud8FTh3JI civilistico x @username http://t.co/HgeJgeNMMP		]]></document>
	<document><![CDATA[@username 80 minuti di attesa al Centro Cavour x esame con appuntamento in convenzione via Cup:complimenti per servizio e scelta partner!		]]></document>
	<document><![CDATA[@username ho trovato un modulo ed inviato il reclamo; la stessa mattina c'era una collega, sempre via cup, e i tempi d'attesa son stati =		]]></document>
	<document><![CDATA[Qui si discute di femminicidio http://t.co/NmkpYlHmsY via @username		]]></document>
</author>