<?xml version="1.0" encoding="UTF-8" standalone="no"?><author id="0e435422-a4fd-48d2-a59d-d58e00562783" lang="it">
	<document><![CDATA[Sembra brutto se aspetto la #finedelmondo dormendo? Non è che si offende? Qualcuno fa il countdown come a Capodanno e poi trenino Brazil?		]]></document>
	<document><![CDATA[5/6/2012 io ci sono ancora #finedelmondo #fail "pepe pepepepe pepe pepepepe..." Buon inizio nuovo mondo a tutti		]]></document>
	<document><![CDATA[Anche da #Sabaudia arriva la #Solidarietà all' #Emilia: l' #Atletica Sabaudia ha "adottato" #Crevalcore http://t.co/dbv6YwnH @username		]]></document>
	<document><![CDATA[@username @username Nel post non sono specificati gli orari in cui consegnare. avete informazioni a riguardo?		]]></document>
	<document><![CDATA[Nel calendario #Maya il 5 giugno corrisponde al primo aprile del nostro calendario, #sapevatelo. #finedelmondo #Mayarrendersi		]]></document>
	<document><![CDATA[Ma i #Maya, invece di calendari e previsioni sulla #finedelmondo, non potevano accontentarsi di un ballo come i Watussi con l'hully gully?		]]></document>
	<document><![CDATA[Che ne dite di una #birra solidale? Al microbirrificio dei disabili fermato dal terremoto serve una mano | Dissapore http://t.co/0kUJs0pZ		]]></document>
	<document><![CDATA[@username @username provo a fare un #GAS con i colleghi, per il #parmigiano abbiamo un ordine consistente, speriamo anche x la #birra		]]></document>
	<document><![CDATA[@username @username rilanciate l'appello? Al microbirrificio dei disabili fermato dal  #terremoto serve una mano http://t.co/0kUJs0pZ GRAZIE		]]></document>
	<document><![CDATA[@username @username speriamo di no, aspetto oggi la risposta, io sono ottimista. Vi farò sapere.		]]></document>
	<document><![CDATA[Foto-aggiornamento #Atuttabirra aiuto coop. Iale FattoriAbilità http://t.co/0kUJs0pZ @username @username @username http://t.co/zSLWrogi		]]></document>
	<document><![CDATA[@username @username @username Fro se mi fai sapere ti uso come corriere io potrò andarci il 16; in cambio fornitura di origano a vita ;-)		]]></document>
	<document><![CDATA[@username @username @username bene, ho percepito ottimismo nel referente, si sentono anche fortunati rispetto ai produttori di #parmigiano		]]></document>
	<document><![CDATA[Cena a lume di #lucciole all'osteria #SanPietro, scoperta grazie a @username; è uno spettacolo, ormai raro, che m'incanta sempre.		]]></document>
	<document><![CDATA[@username una decisione presa d'istinto ad ora di cena e siamo stati premiati scoprendo che le #lucciole non son tornate solo a Roma :-)		]]></document>
	<document><![CDATA[@username fatemi sapere quando venite che le prenoto anche per voi		]]></document>
	<document><![CDATA[Me lo dico da sola, ho proprio fatto una foto del cazzo #Bopride http://t.co/QHB41iCJ		]]></document>
	<document><![CDATA[#preti & affini, #Bologna ha un messaggio per voi ... #BoPride http://t.co/kvOCg9CN		]]></document>
	<document><![CDATA[Prova di #integrazione gastronomica: la #tigella.   Responso dei giudici unanime: 10. Ammessa alla prova della #sfoglia http://t.co/Wpoajght		]]></document>
	<document><![CDATA[“@username: @username "Con #SettimanaSri nasce il risparmi-attore" http://t.co/6fcBvmza #finanzaetica” Che ora cresca, vada e si riproduca		]]></document>
	<document><![CDATA[Ideona. E meno male che #Bologna aveva detto stop a 'sta roba in centro. La R di Repubblica annuncia il via al festival http://t.co/IZKsVnJC		]]></document>
	<document><![CDATA[@username sintonizzati su #cielo che c'è #paolorossi (non quello dei mondiali dell'82), qualche risata, amara, ci scappa		]]></document>
	<document><![CDATA[Scrivere il #futuro mi suonava familiare.Il #CreditoCooperativo anticipa #larepubblicadelleidee @username @username http://t.co/SclX4ZV8		]]></document>
	<document><![CDATA[Al #tg sento #Cassano dire che spera non ci siano #omosessuali nella #Nazionale, io mi vergogno che ci sia lui		]]></document>
	<document><![CDATA[Orrrrore per dirla alla Tortora RT @username: Quel pasticciaccio brutto dei manifesti Pd http://t.co/c3xe08UK		]]></document>
	<document><![CDATA[Non è che #Briatore sbarca in #Calabria col Terronair? “@username:Ultima stagione per il #Billionaire.Non tutti i Maya vengono per nuocere”		]]></document>
	<document><![CDATA[Preziosi gli #amici d'infanzia,quelli veri,che ti offrono aiuto anche se non li vedi e senti da tempo:avremo 2000kg di #parmigiano #solidale		]]></document>
	<document><![CDATA[Accendo la tv,scopro un canale nuovo #Vero, con facce vecchie e dimenticate che fanno tv spazzatura di sempre.C'è pure un #tuttologo. Spengo		]]></document>
	<document><![CDATA[Bravo @username e via al #PaypalVsTweet ScosseVsTweet: quando la creatività è inutile e fine a se stessa - [mini]marketing http://t.co/ds3aLYW2		]]></document>
	<document><![CDATA[@username VERGOGNATEVI chiudete  #scossevstweet e, in silenzio, alimentate #PaypalVsTweet aiutando CONCRETAMENTE chi ne ha bisogno		]]></document>
	<document><![CDATA[Chiuso scossevstweet.it con triste messaggio neanche tanto di scuse.Espiano invitando a donare: @username ora tocca a te #PaypalVsTweet		]]></document>
	<document><![CDATA[Sarò io che non sono in grado di apprezzare ma #Baricco preferisco leggerlo che ascoltarlo.Non vado oltre nel seguire lo streaming #Rep2012		]]></document>
	<document><![CDATA[@username spero si tratti di banche snaturate che si spacciano x banche "locali" e "del territorio" ma hanno testa e, forse, cuore chissà dove		]]></document>
	<document><![CDATA[@username non voglio fare cattivi pensieri ma ci vorrebbe una bella batosta per chi manca in coerenza e magari un po' si ravvedono		]]></document>
	<document><![CDATA[@username @username mettile spaiate le ciabatte ;-) se rinasco faccio la freelance ma con #ufficioingiardino		]]></document>
	<document><![CDATA[Dopo un weekend di #straniamento ritorno nel mondo a mia misura apprezzandone ancor di più valore e calore di ogni piccola cosa che contiene		]]></document>
	<document><![CDATA[Distrutta dopo 30 min di lotta col portale @username x acquisto biglietto.Ci avrò messo tanto perché ora c'è un mare di gente che #meetFS?		]]></document>
	<document><![CDATA[@username x la prossima giornata al mare ti consiglio la spiaggia selvaggia del #lidodiclasse. Giuro che è #Romagna http://t.co/pSdUAg3X		]]></document>
	<document><![CDATA[Arrivo in stazione e, parafrasando slogan di due marche di caffé, è subito aRoma di Roma, aRoma di casa.		]]></document>
	<document><![CDATA[“@username: Nuova proposta di legge sul #microcredito http://t.co/TcseUJgM” non è che proprio se ne sentisse la mancanza, speriamo bene		]]></document>
	<document><![CDATA[@username @username certo che è li, per me esiste solo quella spiaggia, lontano da ombrelloni tutti uguali e bagni superaccessoriati		]]></document>
	<document><![CDATA[@username @username e dirò di più è pure una domenica. Una spiaggia che a me trasmette un gran senso di pace. Speriamo rimanga così		]]></document>
	<document><![CDATA[@username @username dovrebbe essere proprio quella, arriva alla foce del Bevano (area protetta totale) ed ha alle spalle la pineta		]]></document>
	<document><![CDATA[Le #Bcc in prima linea per le aziende via @username http://t.co/jvU3AuaQ @username ha anche raccolta fondi che ha superato i 70.000€		]]></document>
	<document><![CDATA[@username @username pensavo si chiamasse tutta Bassona :-). Grazie del chiarimento. Un bel lavoro di recupero e tutela del tratto		]]></document>
	<document><![CDATA[@username @username confermo e secondo me se ne innamora anche la frollina		]]></document>
	<document><![CDATA[@username volentieri. Noi il prossimo weekend ci andiamo, altrimenti in luglio. Infrasettimanale purtroppo per quest'anno non si può fare		]]></document>
	<document><![CDATA[Non è il 1400 quasi 1500 del fiorino,ma trovarsi in mano un passaporto del 1858 è un bel tuffo nella storia (familiare) http://t.co/FfnNaNtR		]]></document>
	<document><![CDATA[Condivido al 100% (avendo letto le altre campane)RT @username: #meetFS – di cosa parliamo quando parliamo di “ascolto” http://t.co/P4zfG40O		]]></document>
	<document><![CDATA[“@username: nooo, anche alex l'ariete al #concertoemilia” e la #guardiadiafinanza l'ha fatto passare?Anche stasera salvata da #PaoloRossi		]]></document>
	<document><![CDATA[Spero di non scoprire che in 3 ore con l'sms solidale si è raccolto quanto in un mese. La #solidarietà per intercessione del vip mi spaventa		]]></document>
	<document><![CDATA[Le #mondine dall' #Emilia a #Detroit con i canti di risaia e il #Parmigiano in busta #Coop. Uno spasso il documentario #dimadreinfiglia		]]></document>
	<document><![CDATA[Quanto sono attuali le #mondine che da Novi volano in #USA con un pezzo di #Parmigiano a cantare di storia e società #dimadreinfiglia 2007		]]></document>
	<document><![CDATA[Domani confronto a 360 gradi con la #sostenibilità; tutte le mie energie fisiche e mentali saranno messe a dura prova.Strategia: #resistenza		]]></document>
	<document><![CDATA[@username se arriva un feedback in tedesco hai raggiunto il tuo target ;-)		]]></document>
	<document><![CDATA[Oggi ho ironizzato sul 1º cittadino del #Vaticano e nel mio peregrinare ho visto 2 auto in fiamme e 2 furgoni griffati Alleluja: mi pento!		]]></document>
	<document><![CDATA[Lo scontrino si fa,punto.E Poi che senso ha il cartello se senza scontrino non mi servi? Parliamo invece dell'italiano? http://t.co/maKQrOpX		]]></document>
	<document><![CDATA[Il Pil non basta più? Ecco il nuovo indice equo e sostenibile -  http://t.co/suilv7JW		]]></document>
	<document><![CDATA[Finita fase #bookaddiction mi godo la sensazione di appagamento che mi dà il divorare pagine, ora però urge addentare un libro soddisfacente		]]></document>
	<document><![CDATA[Apro Twitter e mi chiedo come mai quasi nessuno racconta #rialziamoemilia mentre #concertoEmilia era in turbinio di tweet		]]></document>
	<document><![CDATA[@username non credo sia solo questo;non che lo veda negativo,ma è strano che con 12.000 persone dichiarate in piazza meno di 20 twittino		]]></document>
	<document><![CDATA[“@username:importanza di ricostruire i luoghi della socialità #emilianibravagente” Quali,quanti,a che costi?Serve un elenco pubblico		]]></document>
	<document><![CDATA[@username se vuoi recuperare ti invito ad un nostro incontro dei "capi" con la direzione, il 97% delle donne più alte di 13/15 cm		]]></document>
	<document><![CDATA[Certi giochi proprio non li capisco; oggi ci si diverte chiudendosi in una palla di plastica e rotolando http://t.co/S6zsL3X3		]]></document>
	<document><![CDATA[@username buon compleanno, oggi vai di tacco, mi raccomando ;-)		]]></document>
	<document><![CDATA[@username  Poppea e la sua serva Belisa ... messe "a fuoco" da Nerone ;-)		]]></document>
	<document><![CDATA[#senilità è chiudersi in casa in casa lasciando le chiavi attaccate alla serratura esterna tutta la notte #avantiilprossimoladro		]]></document>
	<document><![CDATA[La guerra dei poveracci #ENI super 1.59 diesel 1,49 #Esso 1,58 e 1,479  via Emilia L. #Bologna. Tristezza infinita		]]></document>
	<document><![CDATA[Speriamo nel lieto fine fiabesco, ma puntiamo sul potere delle nostre scelte Koda fratello orso,Fornero sorella esodata http://t.co/38ROU8B9		]]></document>
	<document><![CDATA[Wow, un camionista che legge un libro: peccato che stia guidando in #autostrada. Dovrebbe rileggersi il codice della strada #viaggiaresicuri		]]></document>
	<document><![CDATA[I #burattini di Riccardo nell'estate bolognese,  a #Bologna dal 14/7  http://t.co/Ck7GXAoW @username @username @username @username 		]]></document>
	<document><![CDATA[@username, la mia #bcc @username  sta erogando a tassi promessi (300.000 € già erogati e altrettanti deliberati) #terremoto #imprese		]]></document>
	<document><![CDATA[A carico dei produttori,vero? RT @username:Torbjørn Christensen racconta l’esperienza della fax tax danese al @username Talk #obesità		]]></document>
	<document><![CDATA[Meglio Cajita #FairTrade http://t.co/9svtVyuY RT @username: La Nutella non la batte nessuno?Avete provato la Novi http://t.co/fVldm5am		]]></document>
	<document><![CDATA[@username  #wired pubblicizza #permicro forse perché BNL è #mainsponsor di #wiredmoney ...		]]></document>
	<document><![CDATA[Un #Bignami per chi vuole imparare ad usare #Twitter: Twitter, una guida per usarlo - Wired.it http://t.co/ONplptaD		]]></document>
	<document><![CDATA[Ho letto vari #brutseller senza riuscire mai a buttarli/regalarli:con #50sfumature penso che per me sia giunta l’ora di questa “prima volta”		]]></document>
	<document><![CDATA[speriamo stavolta sia vero “@username: Rossella Urru forse liberata La Farnesina sta verificando http://t.co/hxzF1PQY” #RossellaUrru		]]></document>
	<document><![CDATA[L'ultimo atto dell'Ente Nazionale del #Microcredito? Lo studio #Censis #Crisi di sistema e microcredito in Italia  http://t.co/prs26BXy		]]></document>
	<document><![CDATA[Messaggi responsabili:  "Prima di ridere della mia auto finite di pagare le rate della vostra!!" http://t.co/uqSV556M		]]></document>
	<document><![CDATA[La mia prima tirocinante si laurea con tesi sul #microcredito, riceve il max dei punti per il lavoro e prende un bel 108: #sonsoddisfazioni		]]></document>
	<document><![CDATA[Il mercato siamo noi (e dobbiamo tornare ad esserlo) http://t.co/etbWrteV #Democrazia #commercioequo #Gas #Microfinanza		]]></document>
	<document><![CDATA[per stare al passo con le mutevoli identità social e non creare crisi,la foto dei documenti si dovrebbe aggiornare almeno mensilmente #otium		]]></document>
	<document><![CDATA[A 15 anni ho imparato a contare fino a 10 x contenere l'impulsività;oggi ho capito che posso permettermi di non contare: starò invecchiando?		]]></document>
	<document><![CDATA[Che fortuna!Sono una dei 50.000 italiani scelti x il #PlebiscitoTuristico (???).Ed io che pensavo fosse un anno funesto http://t.co/PfPXyk0S		]]></document>
	<document><![CDATA[L'apparenza inganna, se non sai guardare oltre #mimetismo http://t.co/rTHUFb8O		]]></document>
	<document><![CDATA[Grazie @username che mi auguri buon compleanno in data sbagliata e mi regali una promozione incompatibile con il mio profilo #customercare		]]></document>
	<document><![CDATA[Il mare è tutto azzurro. Il mare è tutto calmo. Nel cuore è quasi un urlo di gioia. E tutto è calmo [Sandro Penna] http://t.co/0WpkEoIB		]]></document>
	<document><![CDATA[E le ferie sono al tramonto http://t.co/uPkNpudM		]]></document>
	<document><![CDATA[Un'esperienza che va oltre la formazione RT @username: PROGRAMMA DEFINITIVO AISOCIAL12 e info x l'iscrizione | Zoes http://t.co/QyynLmBH		]]></document>
	<document><![CDATA[@username io ci ho beccato un ex collega di università a parlare di #spindoctor		]]></document>
	<document><![CDATA[Come non esser d'accordo con Balzac e con @username nel suo monologo su #cinquantasfumature a #sestaserasonoqui? http://t.co/yNwyYnaJ		]]></document>
	<document><![CDATA[@username non so te,ma io non sono proprio animale da "salotto". Continuerò a stupirmi della presenza di altri; e #La7 mi offre tanto stupore		]]></document>
	<document><![CDATA[Non ci si poteva aspettare nulla di diverso: Gli sms solidali? Chiedete a loro #terremoto #Emilia #solidarietà http://t.co/ZD3PNWnO		]]></document>
	<document><![CDATA[@username non scherzare, con questa affermazione rischi la separazione da "Cocci"! Ma che è sto #pechinoexpress? Que tal nellina?		]]></document>
	<document><![CDATA[@username quelli degli sms pare sian "bloccati" da #burocrazia e attesa di accordo tra le tre regioni coinvolte http://t.co/eF3pGBlC @username		]]></document>
	<document><![CDATA[Il problema degli economisti con la vita http://t.co/3lOv6Tbx		]]></document>
	<document><![CDATA[@username degli altri non si sa nulla, ma si fa un'altro concerto mentre quelli dell'#Abruzzo sono ancora fermi, loop molto vichiano @username		]]></document>
	<document><![CDATA[Proprio bello tornare al caseificio 4 Madonne e sentire che grazie alla solidarietà, e alla loro forza,son ripartiti e ottimisti. #terremoto		]]></document>
	<document><![CDATA[Le forme di comunicazione innovative per il Non Profit e per la cooperazione - #Bologna 28 settembre - http://t.co/TB7jDQ2e #tuDOVESEI?		]]></document>
</author>