<?xml version="1.0" encoding="UTF-8" standalone="no"?><author id="861e8711-0009-49e6-a3db-841d74b0edac" lang="it">
	<document><![CDATA[Just posted a photo  @username Galleria Vittorio Emanuele II http://t.co/cDcDk6Gs		]]></document>
	<document><![CDATA[@username @username che ti hanno fatto?:( per me sempre ok. Domani da me libero.abbiamo 3 gg per i 12 macarons freschi freschi!!;)		]]></document>
	<document><![CDATA[@username @username idem in merito al divano!		]]></document>
	<document><![CDATA[Sperimentare un nuovo dentifricio "canadian double special"...dal pack giallissimo! http://t.co/comabpv2		]]></document>
	<document><![CDATA[@username :( nada alla fine,mi spiace,recuperiamo! Andró a Pilates:) @username se ti va domani 21,30 ti saluto e ti porto i macarons;)		]]></document>
	<document><![CDATA[@username come va, meglio?		]]></document>
	<document><![CDATA[@username arriverei tardi, mi spiace farti aspettare fino alle 21.30 per la cena :)		]]></document>
	<document><![CDATA[@username eccomi, 5 minuti E ci sono		]]></document>
	<document><![CDATA[I biscotti di Doris  @username Ketchum Office http://t.co/g58hF7i5		]]></document>
	<document><![CDATA[I'm at Ketchum Office (Via fatebenefratelli 19, Milano) http://t.co/xpH8RLb9		]]></document>
	<document><![CDATA[I'm at Cascina Cuccagna (Via privata cuccagna, Muratori, Milan) http://t.co/GgtWSylM		]]></document>
	<document><![CDATA[Il mio pomeriggio con skylanders... 100+ bambini...:)) http://t.co/FfaMqhxV		]]></document>
	<document><![CDATA[@username ti avevo detto di non cliccare su quel link!:)		]]></document>
	<document><![CDATA[@username @username chiaramente, non ce l'ho fatta a raggiungervi :( Buon viaggio @username ti devo una cena!		]]></document>
	<document><![CDATA[@username @username @username voto per Lucca come seconda Riva del Garda! :)		]]></document>
	<document><![CDATA[@username @username anche se,senza @username non potrò apprezzare fino on fondo, nonostante i cosplayer;)		]]></document>
	<document><![CDATA[I'm at Jazz Cafè (Corso Sempione, 8, Milan) http://t.co/0AJcmLOA		]]></document>
	<document><![CDATA[Just posted a photo  @username Arco della Pace http://t.co/GJfD19gE		]]></document>
	<document><![CDATA[@username arrivata, tutto ok?		]]></document>
	<document><![CDATA[@username ancora un pezzo e poi a casa!:)		]]></document>
	<document><![CDATA[@username si, ho letto dei simpatici bambini compagni di volo! Dai che il prossimo andra' meglio! Buon volo! Almost at home!:)		]]></document>
	<document><![CDATA[I'm at Osteria Dei Poeti (Corso Garibaldi 40, Milano) http://t.co/M3MIlbFc		]]></document>
	<document><![CDATA[I'm at Da Gigi Trattoria w/ @username http://t.co/lbRU95kH		]]></document>
	<document><![CDATA[I'm at Peschino http://t.co/Cpt3g0Hd		]]></document>
	<document><![CDATA[I'm at Piazza dell'Anfiteatro (Piazza dell'Anfiteatro, Lucca) http://t.co/x4su6KwQ		]]></document>
	<document><![CDATA[I'm at Grand Guinigi Hotel Florence (Via Romana 1247, Lucca) http://t.co/SPRJHB1v		]]></document>
	<document><![CDATA[Just posted a photo  @username Piazza S. Michele http://t.co/GNkfT7e3		]]></document>
	<document><![CDATA[@username niente Lucca alla fine? :(		]]></document>
	<document><![CDATA[@username piena, colorata, divertente, nerd... :)		]]></document>
	<document><![CDATA[I'm at Piazza dell'Anfiteatro (Piazza dell'Anfiteatro, Lucca) w/ 2 others http://t.co/lV60qqaB		]]></document>
	<document><![CDATA[I'm at Grand Guinigi Hotel Florence (Via Romana 1247, Lucca) http://t.co/fNfxqHyR		]]></document>
	<document><![CDATA[@username io nanna ora...che ritmi da gggiovani ;)		]]></document>
	<document><![CDATA[I'm at Piazza S. Michele (Piazza S. Michele, Lucca) http://t.co/wryR1Hmm		]]></document>
	<document><![CDATA[I'm at Buca di S.Antonio (Via della Cervia 3, Lucca) http://t.co/1y1bkxew		]]></document>
	<document><![CDATA[Ho appena utilizzato #Shazam per scoprire Getting Nowhere di Magnetic Man. http://t.co/ODaU4n2w		]]></document>
	<document><![CDATA[“@username: è stata la migliore Lucca Comics del decennio, I suppose.  #lcg11” idem per me!!		]]></document>
	<document><![CDATA[@username complimenti! Solo commenti positivi in giro! Aggiungo anche il mio. Grazie!		]]></document>
	<document><![CDATA[@username as usual, ma questa è uscita bene!:p		]]></document>
	<document><![CDATA[“@username: EMERGENZA #GENOVA Il numero verde è 800 177 797 Chi ha ancora internet e corrente apra il WIFI a #alluvionegenova #genova		]]></document>
	<document><![CDATA[#gamesweek uno dei miei giochi preferiti, Fruit Ninja http://t.co/URHxFoz5		]]></document>
	<document><![CDATA[Abbiamo spaccato!! #callofduty #Activision @username @username @username @username http://t.co/lafSHTj6		]]></document>
	<document><![CDATA[@username lo abbiamo presentato ieri sera!seratona!da oggi disponibile. Se stai bravo a Natale ti arriva:)- e a Momo Skylanders pero'!)		]]></document>
	<document><![CDATA[Ho appena utilizzato #Shazam per scoprire Last Night di Lush. http://t.co/YShOVRHq		]]></document>
	<document><![CDATA[@username e che evento! Ha spaccato!!:)		]]></document>
	<document><![CDATA[@username facci sapere!!!!!!		]]></document>
	<document><![CDATA[I'm at A1 - Fiorenzuola http://t.co/qmEV4q7p		]]></document>
	<document><![CDATA[I'm at Hotel Diana Ravenna (Via Girolamo Rossi, 47, Ravenna) http://t.co/hkkbgTm1		]]></document>
	<document><![CDATA[I'm at La Piadina Del Melarancio (Ravenna) http://t.co/ZZt1YjzC		]]></document>
	<document><![CDATA[I'm at Teatro Rasi (via di Roma 39, Ravenna) http://t.co/DXZUGkiu		]]></document>
	<document><![CDATA[@username quella con la nutella e' da urlo!! E poi ho scoperto che ci sono diverse versioni. Citta' che vai piadina che trovi...;)		]]></document>
	<document><![CDATA[@username abbasso lo speck evviva la coppa!		]]></document>
	<document><![CDATA[I'm at La Scottona (Via Cadorna 12, Bagnacavallo) http://t.co/evKo5yJS		]]></document>
	<document><![CDATA[Home sweet home! Prenderai vita un giorno e sarai splendida! @username		]]></document>
	<document><![CDATA[Mobile Strategy course (@username InventaCPM w/ @usernameclaudiorascio @usernamegiannicatalfamo) http://t.co/DEyUFlOH		]]></document>
	<document><![CDATA[I'm at La Veneta http://t.co/hqxDeHnp		]]></document>
	<document><![CDATA[I'm at Filmstudio (Piazza Diaz) http://t.co/Aw80an1z		]]></document>
	<document><![CDATA[E dopo un film con lacrima, ritrovo il sorriso grazie allo SPEACK!!!! #Savona #amolamiacittà http://t.co/5880k6dD		]]></document>
	<document><![CDATA[I'm at Corso Italia http://t.co/EuKz7unD		]]></document>
	<document><![CDATA[I'm at Centro commerciale Il Gabbiano (Corso Ricci Agostino 211, Savona) http://t.co/mFWbwBAP		]]></document>
	<document><![CDATA[I'm at Piazza Martiri Della Libertá (Piazza Martiri Della Libertá, Savona) http://t.co/Q824pHku		]]></document>
	<document><![CDATA[Ho appena utilizzato #Shazam per scoprire Radioactive di Kings Of Leon. http://t.co/LNILBq5J		]]></document>
	<document><![CDATA[Tra #milano e #Savona almeno 10 gradi di differenza		]]></document>
	<document><![CDATA[Ho appena utilizzato #Shazam per scoprire Yoü And I di Lady Gaga. http://t.co/vTcIjuAr		]]></document>
	<document><![CDATA[Ho appena utilizzato #Shazam per scoprire Getting Nowhere di Magnetic Man. http://t.co/ODaU4n2w		]]></document>
	<document><![CDATA[Biscotti a forma di albero di Natale http://t.co/KcHtXZ70 via @username e ieri ho consegnato quelli a forma di fungo! Grazie @username		]]></document>
	<document><![CDATA[I'm at Metro Moscova (M2) (via della Moscova, via Varese, Milano) http://t.co/iBBx1h5I		]]></document>
	<document><![CDATA[@username @username @username fantastico! E li riconsiglio. Grazie dall'amica :)		]]></document>
	<document><![CDATA[“@username: Lunedì 21a Villa d'Amelia (Benevello, CN)"La nocciola a tavola" una serata tutta dedicata... http://t.co/NiRs8UA1” @username		]]></document>
	<document><![CDATA[I'm at Metro Porta Genova FS (M2) (Via Valenza, Milano) http://t.co/EaZGDAHl		]]></document>
	<document><![CDATA[Aiuto a la Doris nella produzione di biscotti http://t.co/DIhCsma4		]]></document>
	<document><![CDATA[I'm at Piazza Cavour (Piazza Cavour, Milano) http://t.co/2lflbR89		]]></document>
	<document><![CDATA[Si parte per Savona...almeno la conclusione della giornata è di buon auspicio per il we #giornatanera		]]></document>
	<document><![CDATA[Bevo porto (@username Rumballion) http://t.co/1EWHL95g		]]></document>
	<document><![CDATA[Ho appena utilizzato #Shazam per scoprire Someone Like You di Adele. http://t.co/pasgt98a		]]></document>
	<document><![CDATA[Villa noli http://t.co/IiDf0Jtd		]]></document>
	<document><![CDATA[Il posto più buono dove mangiare la farinata di grano e di ceci! (@username Vino E Farinata) http://t.co/Awjlyu42		]]></document>
	<document><![CDATA[Ospitalità della mia terra. Cliente:"buona domenica!" Oste: "Pensa alla tua che alla mia ci penso io!" #Savona		]]></document>
	<document><![CDATA[@username siamo insuperabili!:)		]]></document>
	<document><![CDATA[@username e mi sento a casa!		]]></document>
	<document><![CDATA[@username torta di riso!:)		]]></document>
	<document><![CDATA[@username ehm, già!:) ma siamo fonte di grande ilarità in fondo		]]></document>
	<document><![CDATA[@username ma è sempre finita!		]]></document>
	<document><![CDATA[@username io ricordo un bel reportage di @username da Israele la scorsa estate		]]></document>
	<document><![CDATA[Momenti tesi di aggiornamento iPhone con iOS5...attendiamo		]]></document>
	<document><![CDATA[@username ciao! Da Appassionato di fumetti ti consiglio: http://t.co/mpdvdwyl		]]></document>
	<document><![CDATA[@username @username idem io :( forma di influenza poco gradita e arrivata all'improvviso! Sigh		]]></document>
	<document><![CDATA[@username @username saluti a tutti e buona serata! @username		]]></document>
	<document><![CDATA[Riso bianco e acqua, la mia cena su twitter @username @username		]]></document>
	<document><![CDATA[@username @username @username no no, ho la giustificazione questa volta! Sono crollata, scusa! Ci vediamo venerdì!		]]></document>
	<document><![CDATA[@username @username @username #sfigadaassenza ma e' proprio sfiga questa volta! Rimediero'!		]]></document>
	<document><![CDATA[@username @username @username #xtuttiigusti #Westin non manchero' (mi ripiglio, promesso)		]]></document>
	<document><![CDATA[+iPhone, compagni di serata sfigata con copertina tigrata http://t.co/kONKnr7r		]]></document>
	<document><![CDATA[stasera mi dedico all'albero e ai regali di Natale: consigli per quest'ultimi, da fare comodamente sul divano? #regalidinatale		]]></document>
	<document><![CDATA[Pyttipanna nuovo piatto surgelato #ikea, almeno nuovo per me...assaggio http://t.co/OHwJMiAb		]]></document>
	<document><![CDATA[@username a me indica vicino a quarto oggiaro, ma almeno nella stessa citta' :)		]]></document>
	<document><![CDATA[@username @username @username oggi niente #sfigadassenza :)		]]></document>
	<document><![CDATA[#xtuttiigusti  Feltrinelli apre una food court in stazione centrale a Milano		]]></document>
	<document><![CDATA[#xtuttiigusti il 24 gennaio parte la Toscana e poi un mese per regione...		]]></document>
	<document><![CDATA[#xtuttiigusti compito formativo per gli chef stellati a quelli degli hotel del gruppo Star.wood		]]></document>
	<document><![CDATA[Al ristorante cinese #tahua la cameriera:"ora torno a spalecchiale voi...ehm no spalecchiale voi ma piatti" #ospitalitàcinese		]]></document>
</author>