<?xml version="1.0" encoding="UTF-8" standalone="no"?><author id="a5898163-5c9f-489a-83e4-5ad17fca6d6f" lang="it">
	<document><![CDATA[Pietro Anceschi
Prima Biennale del disegno, 2014
Agenzia NFC

"Più freddo e distaccato quando il disegno appare come fumetto, diventa via...		]]></document>
	<document><![CDATA[Oggi e domani in Agenzia NFC - ECO PRINTING		]]></document>
	<document><![CDATA[E ora facciamo girare la macchina! Printing "Silenziosi Racconti - Rocca delle Macìe - Famiglia Zingarelli" a cur... http://t.co/oSL17bPsuF		]]></document>
	<document><![CDATA[E ora facciamo girare la macchina! Printing "Silenziosi Racconti - Rocca delle Macìe - Famiglia Zingarelli" a cur... http://t.co/UKxNJ8HB11		]]></document>
	<document><![CDATA[Dai uno sguardo al mio profilo professionale ed entra a far parte della mia rete su LinkedIn. http://t.co/4eCl4N1Z9k #in		]]></document>
	<document><![CDATA[? St. Vincent – St. Vincent Alessandro Tripi http://t.co/tHYwdXYLun #NowPlaying		]]></document>
	<document><![CDATA[Come usare Twitter 10 minuti (al giorno) | #TwitterStrategies http://t.co/eGetx8hwD0		]]></document>
	<document><![CDATA[@username vabbé ma così le cattiverie te le tirano fuori dalla bocca		]]></document>
	<document><![CDATA[Trovato Amandrai di Ali Farka Touré con #Shazam. http://t.co/uK89Wr7b3o		]]></document>
	<document><![CDATA[Ok #mit, ci siamo. #startuplife http://t.co/ew14K71UGK		]]></document>
	<document><![CDATA[Le prime pagine di Riccardo Esposito in "Fare blogging". Appena scaricate! Lo consiglio a qualunque blogger http://t.co/Fc35t0JEHw		]]></document>
	<document><![CDATA[Ci siamo! Assirank inizia la sua avventura con l'incubatore di Unipol http://t.co/5pGDWYvHdQ		]]></document>
	<document><![CDATA[Villa cicogna #unipolideas #startuplife #doors #gates #bologna http://t.co/mznYcgtS9L		]]></document>
	<document><![CDATA[Unipol Ideas - Diario della Settimana #1 - http://t.co/9Z2CsSROk8 via @username		]]></document>
	<document><![CDATA[Attending @username talk - il creativo ignorante - @username		]]></document>
	<document><![CDATA[Fabio Zaffagnini e i nuovi significati alla parola 'trespolo' #tedxbologna		]]></document>
	<document><![CDATA[#yogadellarisata in perfetto romagnolo, t'am fé murì #tedxbologna		]]></document>
	<document><![CDATA[ebologna e la fine dei loghi rigidi @username #tedxbologna		]]></document>
	<document><![CDATA[Facce da #outofthebuilding @username ospedale sant'orsola Bologna #startup #unipolideas http://t.co/QmqpHWwCGa		]]></document>
	<document><![CDATA[Mercoledì, per fortuna è lunedì... Grazie @username		]]></document>
	<document><![CDATA[Ciao @username scusa l'intrusione, sto realizzando un blog indipendente e ho bisogno di pareri di giovani medici informati e attivi.		]]></document>
	<document><![CDATA[@username Puoi aiutarmi leggendo il primo post e completando il questionario di gradimento a questo link: http://t.co/XQQrouM8P7
Grazie!!!		]]></document>
	<document><![CDATA[Ciao @username scusa l'intrusione, sto realizzando un blog indipendente e ho bisogno di pareri di giovani medici informati e attivi.		]]></document>
	<document><![CDATA[@username Puoi aiutarmi leggendo il primo post e completando il questionario a questo link: http://t.co/MF5eUEsgQr
Grazie!!		]]></document>
	<document><![CDATA[Ciao @username scusa l'intrusione, sto realizzando un blog indipendente e ho bisogno di pareri di giovani medici informati e attivi.		]]></document>
	<document><![CDATA[@username Puoi aiutarmi leggendo il primo post e completando il questionario di gradimento a questo link: http://t.co/XQQrouM8P7
Grazie!!		]]></document>
	<document><![CDATA[Ciao @username scusa l'intrusione, sto realizzando un blog indipendente e ho bisogno di pareri di giovani medici informati e attivi.		]]></document>
	<document><![CDATA[@username Puoi aiutarmi leggendo il primo post e completando il questionario di gradimento a questo link: http://t.co/XQQrouM8P7
Grazie!!!		]]></document>
	<document><![CDATA[Ciao @username scusa l'intrusione, sto realizzando un blog indipendente e ho bisogno di pareri di giovani medici informati e attivi.		]]></document>
	<document><![CDATA[@username Puoi aiutarmi leggendo il primo post e completando il questionario di gradimento a questo link: http://t.co/MF5eUEsgQr
Grazie!		]]></document>
	<document><![CDATA[Ciao @username scusa l'intrusione, sto realizzando un blog indipendente e ho bisogno di pareri di giovani medici informati e attivi.		]]></document>
	<document><![CDATA[@username Puoi aiutarmi leggendo il primo post e completando il questionario di gradimento a questo link: http://t.co/XQQrouM8P7
Grazie!		]]></document>
	<document><![CDATA[Ciao @username scusa l'intrusione, sto realizzando un blog indipendente e ho bisogno di pareri di giovani medici informati e attivi.		]]></document>
	<document><![CDATA[@username Puoi aiutarmi leggendo il primo post e completando il questionario di gradimento a questo link: http://t.co/MF5eUEsgQr
Grazie mille!		]]></document>
	<document><![CDATA[Ciao @username scusa l'intrusione, sto realizzando un blog indipendente e ho bisogno di pareri di giovani medici informati e attivi.		]]></document>
	<document><![CDATA[@username Puoi aiutarmi leggendo il primo post e completando il questionario di gradimento a questo link: http://t.co/XQQrouM8P7
Grazie!		]]></document>
	<document><![CDATA[@username grazie mille! Per domande/chiarimenti/qualsiasi cosa basta un tweet		]]></document>
	<document><![CDATA[@username per ora non siamo online, stiamo facendo un po' di test su come strutturare i post. Appena andiamo live ti avviso		]]></document>
	<document><![CDATA[@username forse perché stiamo chiedendo di compilare anche su gruppi facebook e ad altri medici. Non ricompilarlo se l'hai già fatto		]]></document>
	<document><![CDATA[@username indipendente perché non suggeriamo polizze ma facciamo informazione, x esempio, sui parametri da considerare per valutare polizze		]]></document>
	<document><![CDATA[@username crepi! E grazie ;). L'idea é proprio quella di costruire un punto di riferimento online indipendente (anche da unipol)		]]></document>
	<document><![CDATA[@username Che c'entra solo per il fatto che ci ha accolti dentro il piano di accelerazione d'impresa @username		]]></document>
	<document><![CDATA[Oggi si prepara il pitch a @username Alla ricerca della leggerezza con @username #lezioniamericane		]]></document>
	<document><![CDATA[Unipol Ideas, il 16 gennaio giorno della verità per le #startup http://t.co/2AW07lpNgg		]]></document>
	<document><![CDATA[Come se la passa il giornalismo d'inchiesta in Italia? http://t.co/iAmZPyelHA via @username		]]></document>
	<document><![CDATA[L'universo per Aristotele? Un insieme di palle infinite @username #pitchday @username http://t.co/O5rXfTaHBK		]]></document>
	<document><![CDATA[Lanciarsi all'avventura e fare #cazzate ce l'abbiamo nel #dna @username #startup #pitchday @username http://t.co/nYQ9ayIXRC		]]></document>
	<document><![CDATA[E ora guardate il vostro vicino. Probabilmente è affetto da elycobacter pilori! ;-) #startup #pitchday @username http://t.co/TXSsaXrwB4		]]></document>
	<document><![CDATA[Braccia rubate all'agricoltura. Ci piace @username #startupitalia #pitchday @username		]]></document>
	<document><![CDATA[#Supermercato24 vince la 360by360 Competition (e 360 mila dollari) - http://t.co/Vnq1Al2hbk		]]></document>
	<document><![CDATA[VeryBello!, come trasformare una disfatta in una opportunità  http://t.co/OpQby6fTi3 @username		]]></document>
	<document><![CDATA[I curdi hanno riconquistato Kobane http://t.co/VVMUNQzcKp via @username #kobanecalling		]]></document>
	<document><![CDATA[Da spettatore a utente: AdWords e il Second Screen http://t.co/g8yr9U5rlt @username		]]></document>
	<document><![CDATA[Più che giusto! ;-) @username @username		]]></document>
	<document><![CDATA[#customapp @username http://t.co/ppa1dMgj4Q "Folli, instabili e disadattati" #statemale @username ;-)		]]></document>
	<document><![CDATA[#adwords Ad customizer per #ecommerce e #leadgeneration: come e quando usarli  http://t.co/f1hcPiqIsH by @username		]]></document>
	<document><![CDATA[I social media miglior canale migliore per comunicare la responsabilità sociale d'impresa? http://fb.me/XXOJN0Pp		]]></document>
	<document><![CDATA[I danni disastri petroliferi toccano tutti. Ecco un'"affissione guerrilla" #comunicazione sociale http://fb.me/RF09wmh0		]]></document>
	<document><![CDATA[Una balena (spiaggiata) di rifiuti è l'ideale per comunicare ai bagnanti che gettare spazzatura in mare o in... http://fb.me/12LkqwTIi		]]></document>
	<document><![CDATA[Come coinvolgere gli utenti nelle campagne di social media marketing http://t.co/hDP0K5C		]]></document>
	<document><![CDATA[Una #startup di #fundraising per progetti creativi e del terzo settore? #Eppela!		]]></document>
	<document><![CDATA[Pausa musicale rilassante? http://t.co/ppH7Xn7 via @username		]]></document>
	<document><![CDATA[#Greenpeace Italia arruola #ken per la campagna contro la deforestazione causata da #barbie e #mattel http://fb.me/SEzWK0Hy		]]></document>
	<document><![CDATA[Tra tutte le #app per il #noprofit non abbiamo mai nominato #causes di #facebook. Chi ha un profilo? Chi la usa? http://fb.me/NHibtUg2		]]></document>
	<document><![CDATA[Con #Music of Your Heart si può #mixare il proprio battito cardiaco con della musica e scoprire come mantenere in... http://fb.me/14l8m0VNs		]]></document>
	<document><![CDATA[#gallinelibere: galline con superpoteri per la #campagna di #LAV contro l'allevamento a terra http://fb.me/LXBpT4bX		]]></document>
	<document><![CDATA[Le #campagne di #csr online diventano sempre più veloci: per #ING DIRECT - Accendi il futuro basta un clic per... http://fb.me/AlwesdiH		]]></document>
	<document><![CDATA[Ma un'interazione rapida e un'esperienza non proprio originale sono efficaci per creare relazioni durature e brand awarness? #comunicazione		]]></document>
	<document><![CDATA[Il #WWF ci spara addosso per salvare la #tigre siberiana http://fb.me/Dv6t2pkg		]]></document>
	<document><![CDATA[#Human Rights Watch per i prigionieri politici in #Birmania. Un outdoor veramente emozionante. #comunicazione http://fb.me/Vf9SgQC7		]]></document>
	<document><![CDATA[Grazie ai #qrcode la campagna di #rsf fa parlare gli annunci stampa http://fb.me/KJIXpKPJ		]]></document>
	<document><![CDATA[#cittadinanza2.0 #Parigi lancia questo sito per condividere e dare visibilità alle eco-azioni dei cittadini... http://fb.me/17gyfgfY6		]]></document>
	<document><![CDATA[@username ...a volte sembra di essere in piazza, come ti guardi intorno vedi qualcuno che conosci ;-)		]]></document>
	<document><![CDATA[Gli alberi di bacchette di #greenpeace, in #Cina http://fb.me/wFXuEPLL		]]></document>
	<document><![CDATA[indeciso se andare a vedere i #pooh o #rickymartin ma ho scoperto che ricky è domenica! Problema #notterosa risolto. #ironiaportamivia		]]></document>
	<document><![CDATA[Come sempre le campagne di #greenpeace sono semplicemente geniali VW Darkside - Greenpeace http://fb.me/F3idGXIO		]]></document>
	<document><![CDATA[Ciao @username ti ho mandato una mail per chiederti un piccolo favore ;-)		]]></document>
	<document><![CDATA[#foursquare per il #fundraising: la non profit americana #earthjustice raccoglie 50.000 dollari per la tutela... http://fb.me/F4t8qVD6		]]></document>
	<document><![CDATA[Esistono alternative a widgetbox per creare #app e #widget senza mettere mano a codici e script?		]]></document>
	<document><![CDATA[#1ClickDonation è la nuova piattaforma digitale su cui gli utenti del web possono sostenere le associazioni con un click http://t.co/cmyb80i		]]></document>
	<document><![CDATA[...ovvero decidere quale progetto deve ricevere i fondi messi a disposizione da un soggetto profit. #Citroën Italia è la prima ad adottarlo		]]></document>
	<document><![CDATA[Conseguenze (ironiche) del ritiro della patente per guida in stato d'ebrezza #comunicazione http://t.co/cjVVeXg		]]></document>
	<document><![CDATA[Il #WWF mette in guardia dall'innalzamento degli oceani facendo ombra sulle affissioni http://t.co/cFuqeyv		]]></document>
	<document><![CDATA[Sto ascoltando the breakfast compilation by @username con il meglio dell'indie in giro. Scaricala gratis qui http://t.co/RhV0e8t		]]></document>
	<document><![CDATA[Le campagne "don't drive texting" si aggiornano per i #socialmedia (con una certa ironia) http://t.co/icN19eE		]]></document>
	<document><![CDATA[Modelle per il #calendario #SurfriderFoundation contro l'inquinamento petrolifero. Campagna azzeccata o solita minestra? http://t.co/xo2uCby		]]></document>
	<document><![CDATA[precare #acqua è davvero stupido. Con questa campagna diventa anche inquietante... http://t.co/iOp94kE		]]></document>
	<document><![CDATA[Dimenticata la #cremasolare? Niente paura, ci pensa l'Australian Cancer Council con questa guerrilla allo stop del bus http://t.co/34qtxRe		]]></document>
</author>